id,first_name,last_name,phone,email,note,country,promo_code,source,platform,deposit,lost_capital,account_creation,assigned_date,created_at,updated_at
,gruber,nicole,41795380209,nicolegruber90@hotmail.com,stormgain,switzerland,,,,,,,,,
,braden,norman,41714116070,cobrad@hispeed.ch,stormgain,switzerland,,,,,,,,,
,boesch,andreas,41797317104,boesch-andreas@bluewin.ch,edge,switzerland,,,,,,,,,
,andesner,georg,41795368883,georg.andesner@hotmail.com,edge,switzerland,,,,,,,,,
,luy,alexandre,41792302620,alexandre.luy@gmail.com,edge,switzerland,,,,,,,,,
,mauro,mmealuero,41764835845,m.tarquinio@hotmail.com,edge,switzerland,,,,,,,,,
,hummel,katharina,41786076727,info@katharina-hummel.de,stormgain,switzerland,,,,,,,,,
,commergnat,nicolas,41766808443,n.commergnat@gmail.com,edge,switzerland,,,,,,,,,
,wiedemeier,cyril,41795572924,cyrilwiedemeier@gmail.com,stormgain,switzerland,,,,,,,,,
,widmer,colin,41313401146,colin.widmer@hotmail.ch,stormgain,switzerland,,,,,,,,,
,wettach,thierry,41792147908,thierry.wettach@bernexpo.ch,stormgain,switzerland,,,,,,,,,
,widmann,alfred,41795825467,freddywidmann@bluewin.ch,stormgain,switzerland,,,,,,,,,
,buchs,cyrill,41797871963,cyrill.buchs@outlook.com,stormgain,switzerland,,,,,,,,,
,vedjijoski,bajram,41796321294,bajram.vexhiu@gmail.com,stormgain,switzerland,,,,,,,,,
,renfer,heinz,41797713791,heinz.renfer@bluewin.ch,stormgain,switzerland,,,,,,,,,
,varela,eliseu,41763334998,eliseuvarela8@gmail.com,stormgain,switzerland,,,,,,,,,
,uzuner,akin,41562825228,akinuzuner@hotmail.com,stormgain,switzerland,,,,,,,,,
,wolf,kurt,41793059736,wolfkurt@bluewin.ch,stormgain,switzerland,,,,,,,,,
,wã¯hrle,david,41793209200,david.woehrle@bluewin.ch,stormgain,switzerland,,,,,,,,,
,yogalingam,nithilaruban,41762388390,nithi89@hotmail.de,stormgain,switzerland,,,,,,,,,
,wiss,julia,41795121958,yuliya.wis@hotmail.com,stormgain,switzerland,,,,,,,,,
,wyss,daniela,41764206507,daniela.wyss@uzh.ch,stormgain,switzerland,,,,,,,,,
,yilmaz,baturay,41764974482,baturay.y36@gmail.com,stormgain,switzerland,,,,,,,,,
,zanecchia,armando,41778908967,zanear@gmail.com,stormgain,switzerland,,,,,,,,,
,nussbaumer,christof,41764223514,billy.corgan@gmx.ch,stormgain,switzerland,,,,,,,,,
,troxler,kevin,41794811290,kevin.troxler@yahoo.de,stormgain,switzerland,,,,,,,,,
,ruth,frischknecht,41792206652,ruthfrischknecht55@gmail.com,stormgain,switzerland,,,,,,,,,
,veit,katrina,41792740997,katrina.cochingyan@gmail.com,stormgain,switzerland,,,,,,,,,
,zumstein,kay,41767486558,kay-zumi-97@hotmail.com,stormgain,switzerland,,,,,,,,,
,zwahlen,christian,41792085577,ch.zwahlen@gmx.ch,stormgain,switzerland,,,,,,,,,
,tallarico,michele,41787072452,michele.tallarico@bluewin.ch,stormgain,switzerland,,,,,,,,,
,walther,brian,41763800640,waltherbude08@yahoo.com,stormgain,switzerland,,,,,,,,,
,dimitrova,poly,41797512328,poli933@mail.bg,mycelium,switzerland,,,,,,,,,
,zuercher,fabrice,41793212171,fabricezuercher@yahoo.de,stormgain,switzerland,,,,,,,,,
,zenger,robert,41792792820,robert.zenger@bluewin.ch,stormgain,switzerland,,,,,,,,,
,stalder,alain,41767248040,asstalder@hotmail.com,stormgain,switzerland,,,,,,,,,
,von,hans,41763079700,wurstemberger@vtxmail.ch,edge,switzerland,,,,,,,,,
,zehner,sascha,41763607639,sascha10er@gmx.ch,stormgain,switzerland,,,,,,,,,
,von,peter,41764712018,p.vonrohr@hotmail.com,stormgain,switzerland,,,,,,,,,
,turan,resat,41791941082,resatturan@hotmail.com,stormgain,switzerland,,,,,,,,,
,ibrahimi,izair,41786774557,izo_18_2006@hotmail.com,stormgain,switzerland,,,,,,,,,
,volkmann,eckhard,41763389970,eckhard.volkmann@gmail.com,stormgain,switzerland,,,,,,,,,
,thomas,schue,41798794727,schue1040@web.de,stormgain,switzerland,,,,,,,,,
,spoerri,spoerri,41794521371,mspoerri@hispeed.ch,stormgain,switzerland,,,,,,,,,
,mark,bernhard,41796913118,bernhardmark@hotmail.com,stormgain,switzerland,,,,,,,,,
,sigel,norah,41786441897,norah.sigel@icloud.com,stormgain,switzerland,,,,,,,,,
,senin,fatima,41765356747,senin@bluewin.ch,stormgain,switzerland,,,,,,,,,
,tenzinpaldon,tashikhang,41762396472,tenpaldon778@yahoo.com,edge,switzerland,,,,,,,,,
,svato,ante,41793125793,anterama@hotmail.com,stormgain,switzerland,,,,,,,,,
,streit,markus,41323772238,markus.streit@mstreit.ch,stormgain,switzerland,,,,,,,,,
,staehli,regina,41786351607,innupin@gmail.com,edge,switzerland,,,,,,,,,
,siffert,sandra,41793921708,suli.fun@me.com,stormgain,switzerland,,,,,,,,,
,studer,remo,41798526527,swsult@gml.cm,mycelium,switzerland,,,,,,,,,
,semadeni,cyrano,41774648328,cc.semadeni@bluewin.ch,edge,switzerland,,,,,,,,,
,simon,jaberg,41787488442,simon.jaberg@hotmail.ch,edge,switzerland,,,,,,,,,
,schmidli,peter,41786091515,info@schmidli-weine.ch,stormgain,switzerland,,,,,,,,,
,seeli,peter,41765366288,peter.seli@bluewin.ch,stormgain,switzerland,,,,,,,,,
,schnegg,maura,41762013030,mauraschnegg@hotmail.com,stormgain,switzerland,,,,,,,,,
,misic,goran,41793522604,goran.misic@bluewin.ch,stormgain,switzerland,,,,,,,,,
,speich,claudio,41763606561,claudio.speich@gmail.com,stormgain,switzerland,,,,,,,,,
,gomez,margoth,41564242831,margoth19731997@hotmail.com,stormgain,switzerland,,,,,,,,,
,shutler,michael,41792152122,mike.shutler@bluewin.ch,stormgain,switzerland,,,,,,,,,
,sieber,andi,41445869207,andisbriefe@gmail.com,edge,switzerland,,,,,,,,,
,stefan,killbud,41788380513,alms.stef@gmail.com,mycelium,switzerland,,,,,,,,,
,spiess,ivo,41788922313,xenonpay@gmail.com,stormgain,switzerland,,,,,,,,,
,atuhaire,vincent,41792512804,atuhairevincent@gmail.com,stormgain,switzerland,,,,,,,,,
,sieber,sauda,41796577600,saudaamandla@hotmail.com,stormgain,switzerland,,,,,,,,,
,lehmann,adrian,41799048573,adrian.lehmann@sfxs.ch,edge,switzerland,,,,,,,,,
,schlegel,marvin,41417806390,marvin.schlegel@web.de,stormgain,switzerland,,,,,,,,,
,brand,yvon,41768244224,cosmo007@gmx.ch,stormgain,switzerland,,,,,,,,,
,schild,pascal,41793666272,pascal.fa.schild@gmail.com,stormgain,switzerland,,,,,,,,,
,schmidhauser,gabriela,41764213113,gabriela.schmidhauser@bluewin.ch,mycelium,switzerland,,,,,,,,,
,sascha,amerian,41798414835,sascha.lottenbach@sunrise.ch,stormgain,switzerland,,,,,,,,,
,bianchini,daniel,41793016775,danielbianchini13@gmail.com,stormgain,switzerland,,,,,,,,,
,salvi,renato,41786481694,salvi007@icloud.com,stormgain,switzerland,,,,,,,,,
,roncin,daniel,41794152233,d.roncin@gmail.com,stormgain,switzerland,,,,,,,,,
,uka,rexhep,41796088454,rexhepuka@hotmail.com,stormgain,switzerland,,,,,,,,,
,salvisberg,peter,41775073133,salwa@bluewin.ch,stormgain,switzerland,,,,,,,,,
,omondi,kevin,41792036988,kevinomosh@yahoo.com,stormgain,switzerland,,,,,,,,,
,schreyer,gilbert,41786596226,gschreyer@bluewin.ch,stormgain,switzerland,,,,,,,,,
,lukas,stebler,41794810755,steblerlukas@gmail.com,stormgain,switzerland,,,,,,,,,
,stettler,thomas,41787121184,thom.stettler@bluewin.ch,stormgain,switzerland,,,,,,,,,
,holderegger,saskia,41562881941,saskia@dancing-paws.com,stormgain,switzerland,,,,,,,,,
,gil,kai,41799128852,xalid.mahmud@hotmail.com,stormgain,switzerland,,,,,,,,,
,brtschi,peter,41796768500,baertschi65@gmail.com,stormgain,switzerland,,,,,,,,,
,burkart,claudia,41219032994,burcla@bluewin.ch,stormgain,switzerland,,,,,,,,,
,v‚chting,dominik,41793066488,tidom@bluewin.ch,stormgain,switzerland,,,,,,,,,
,mathias,this,41764056353,mathiaseggenberger@msn.com,stormgain,switzerland,,,,,,,,,
,ouziad,tarek,41796327300,tarek_013@hotmail.com,stormgain,switzerland,,,,,,,,,
,ganshof,philippe,41266581477,phil_1134@hotmail.com,stormgain,switzerland,,,,,,,,,
,favre,francis,41794807454,btservices@bluewin.ch,stormgain,switzerland,,,,,,,,,
,wieland,jakob,41786441799,jwieland@bluewin.ch,stormgain,switzerland,,,,,,,,,
,djuric,marko,41799491508,markodjuric@gmx.ch,stormgain,switzerland,,,,,,,,,
,mitra,bhaskar,41799572834,bhaskarm26@gmail.com,stormgain,switzerland,,,,,,,,,
,lutz,eliane,41613213281,eliane.lutz31@gmail.com,stormgain,switzerland,,,,,,,,,
,wehrlin,giido,41414421340,gwehrlin3@cloud.com,stormgain,switzerland,,,,,,,,,
,finn,harold,41765181383,hfinn@yahoo.com,stormgain,switzerland,,,,,,,,,
,marot,charles,41764963551,marotsniper@hotmail.com,stormgain,switzerland,,,,,,,,,
,diana,cquicquoi,41767285557,shivashaya@rocketmail.com,stormgain,switzerland,,,,,,,,,
,lehne,tino,41793642448,tino.lehne@gmail.com,stormgain,switzerland,,,,,,,,,
,erol,huseyin,41778797445,hu.erol@bluewin.ch,stormgain,switzerland,,,,,,,,,
,bauer,thomas,41786598688,cyrus@safe-mail.net,stormgain,switzerland,,,,,,,,,
,kregar,andreas,41417405060,akregar@msn.com,edge,switzerland,,,,,,,,,
,zoll,alois,41788492619,info@druckvonabisz.ch,stormgain,switzerland,,,,,,,,,
,pennock,david,41798133388,swissdave@hotmail.com,stormgain,switzerland,,,,,,,,,
,drechsler,rene,41791339600,renedrechsler@gmx.ch,stormgain,switzerland,,,,,,,,,
,qerimi,petrit,41794705243,pqerimi@gmx.ch,stormgain,switzerland,,,,,,,,,
,sandmann,thomas,41798471726,der.sandmann@gmx.ch,stormgain,switzerland,,,,,,,,,
,baeyens,josiane,41762285056,jbaeyens@bluewin.ch,stormgain,switzerland,,,,,,,,,
,gabrynew,gabrynew,41326390083,gabrynew@hotmail.it,stormgain,switzerland,,,,,,,,,
,kopka,silvio,41765181975,kopka.silvio@gmail.com,stormgain,switzerland,,,,,,,,,
,diermayr,claus,41765184349,claus_diermayr@hotmail.com,stormgain,switzerland,,,,,,,,,
,garciaacosta,vienapatricia,41796164569,viena38@gmail.com,stormgain,switzerland,,,,,,,,,
,bayard,marc,41792444967,bayardm2017-1@gmail.com,stormgain,switzerland,,,,,,,,,
,bonanno,mirko,41788923118,mbonanno@infomaniak.ch,stormgain,switzerland,,,,,,,,,
,nom,prnom,41767922127,teopt@live.com,stormgain,switzerland,,,,,,,,,
,palacios,valentina,41793440479,valentinapcofre@gmail.com,edge,switzerland,,,,,,,,,
,marxer,manfred,41443024311,manfred.marxer@adon.li,stormgain,switzerland,,,,,,,,,
,isakow,peter,41763197222,dolgorukow39@yahoo.de,stormgain,switzerland,,,,,,,,,
,tiziano,lucente,41789057484,t.lucente@hotmail.com,stormgain,switzerland,,,,,,,,,
,fleres,michaela,41787742371,misicka.s@gmail.com,stormgain,switzerland,,,,,,,,,
,furrer,dennis,41798238232,dennis.furrer@bluewin.ch,stormgain,switzerland,,,,,,,,,
,fritschi,pierre,41794068036,fritschi.p@hotmail.com,edge,switzerland,,,,,,,,,
,amacker,hansjoerg,41794909231,hj.amacker@bluewin.ch,stormgain,switzerland,,,,,,,,,
,thadchanamoorthy,icena,41795947487,aiisu.rajah@gmail.com,stormgain,switzerland,,,,,,,,,
,wendel,sandro,41789266081,sandrowendel@rocketmail.com,stormgain,switzerland,,,,,,,,,
,aguilera,geordanis,41792439615,cubahorta@hotmail.com,stormgain,switzerland,,,,,,,,,
,herbe,mireille,41416651292,perline21@hotmail.com,stormgain,switzerland,,,,,,,,,
,edwards,duke,41793815982,duke.09@live.com.au,stormgain,switzerland,,,,,,,,,
,eggimann,andreas,41796011475,a.eggimann@virgo-tiag.ch,stormgain,switzerland,,,,,,,,,
,harting,josch,41412401512,m.einspieler@bluewin.ch,stormgain,switzerland,,,,,,,,,
,bieri,erwinf,41616413568,erwinf.bieri@bluewin.ch,stormgain,switzerland,,,,,,,,,
,bã¯hm,cornelia,41791746569,c.boehm@bluewin.ch,stormgain,switzerland,,,,,,,,,
,fankhauser,leon,41786186265,fankhauserleon58@gmail.com,stormgain,switzerland,,,,,,,,,
,gufler,horst,41334382624,horstgufler@gmail.com,stormgain,switzerland,,,,,,,,,
,cerini,david,41764281486,truckerfreak@hotmail.com,stormgain,switzerland,,,,,,,,,
,bektashi,hyrie,41799241465,hyrijebektashi3@hotmail.com,stormgain,switzerland,,,,,,,,,
,falconi,franca,41767121106,franca.falconi@gmail.com,stormgain,switzerland,,,,,,,,,
,sutkowski,tomasz,41763395005,thomas.schmit73@gmail.com,stormgain,switzerland,,,,,,,,,
,tracgsker,christa,41796703467,goldentrails@gmx.ch,stormgain,switzerland,,,,,,,,,
,judita,kaeppeli,41764489269,markusbenz@hotmail.ch,stormgain,switzerland,,,,,,,,,
,fetahu,irfan,41793386921,fetahuirfan@hotmail.com,stormgain,switzerland,,,,,,,,,
,krapf,bruno,41796773225,bruno.krapf@uzh.ch,stormgain,switzerland,,,,,,,,,
,frank,pascal,41787533747,pascal_frank@hotmail.com,stormgain,switzerland,,,,,,,,,
,ltolf,christian,41792989555,1luetolfch@bluewin.ch,stormgain,switzerland,,,,,,,,,
,dolle,philippe,41794627678,dollepv@bluewin.ch,edge,switzerland,,,,,,,,,
,dussez,claude,41799383867,claudedussez@hotmail.fr,stormgain,switzerland,,,,,,,,,
,zollinger,roman,41793058754,rozollinger@gmx.ch,stormgain,switzerland,,,,,,,,,
,kaufmann,jonas,41787852091,airtwist@bluewin.ch,stormgain,switzerland,,,,,,,,,
,loosli,sandra,41767777207,loosli.sandra@gmx.ch,stormgain,switzerland,,,,,,,,,
,iliev,orlin,41795237089,orlin.iliev1@gmail.com,stormgain,switzerland,,,,,,,,,
,alptekin,zeki,41765041991,nail.alptekin@hispeed.ch,stormgain,switzerland,,,,,,,,,
,alaj,jetlir,41789006868,jeti_a@hotmail.com,stormgain,switzerland,,,,,,,,,
,damisch,peter,41767927289,damisch.peter@gmail.com,edge,switzerland,,,,,,,,,
,sorockis,vadims,41435343427,sorockis@gmail.com,stormgain,switzerland,,,,,,,,,
,daniels,michael,41792879305,adlerfarn@gmail.com,stormgain,switzerland,,,,,,,,,
,collaud,samuel,41788585783,sampognon@gmail.com,stormgain,switzerland,,,,,,,,,
,dettling,roger,41797514041,roger.dettling@hispeed.ch,stormgain,switzerland,,,,,,,,,
,hess,patrik,41797994880,patrikhess@msn.com,stormgain,switzerland,,,,,,,,,
,grothe,sabrina,41764176433,s.grothe@hispeed.ch,stormgain,switzerland,,,,,,,,,
,majkic,vladimir,41787267844,vladimir.majkic@gmx.ch,stormgain,switzerland,,,,,,,,,
,elhilali,elhilali,41419928476,mohaa.el@hotmail.com,stormgain,switzerland,,,,,,,,,
,goldfinger,auric,41787391344,auric.goldfinger@lycos.com,stormgain,switzerland,,,,,,,,,
,masrosello,josep,41628771855,rosellomasjosep@gmail.com,stormgain,switzerland,,,,,,,,,
,ruedi,hof,41762689911,fam_hof@bluewin.ch,stormgain,switzerland,,,,,,,,,
,coelho,gra∫a,41784002671,gracasoeiro@sapo.pt,stormgain,switzerland,,,,,,,,,
,yeker,deniz,41786278200,deniz.yeker@gmail.com,stormgain,switzerland,,,,,,,,,
,guenat,christian,41774201128,christian@guenat.com,stormgain,switzerland,,,,,,,,,
,gall,tina,41796920056,tinagall1997@gmail.com,edge,switzerland,,,,,,,,,
,haefeli,joy,41788289427,joy.haefeli@gmail.com,stormgain,switzerland,,,,,,,,,
,cavalera,salvatore,41765306018,trasporti_cavalera@hotmail.com,stormgain,switzerland,,,,,,,,,
,niederer,marco,41788286404,marconiederer@yahoo.de,stormgain,switzerland,,,,,,,,,
,frank,david,41712929494,d.frank@lancawterac.uk,stormgain,switzerland,,,,,,,,,
,"miljic""m!rsel",,41796867064,marsel.miljéc@live.com,stormgain,switzerland,,,,,,,,,
,balsamo,bruno,41767921583,hollywood6@bluewin.ch,edge,switzerland,,,,,,,,,
,barens,john,41799574948,myswisslap@gmail.com,stormgain,switzerland,,,,,,,,,
,osborne,daniel,41786971909,daniel1997osborne@hotmail.com,stormgain,switzerland,,,,,,,,,
,alessandro,alex,41763606864,a.zanti@windowslive.com,stormgain,switzerland,,,,,,,,,
,bigher,swen,41797716852,swen_bigger1988@hotmail.com,stormgain,switzerland,,,,,,,,,
,violaine,manuela,41763750729,roger.manou@windowslive.com,edge,switzerland,,,,,,,,,
,kanthaiah,abiraj,41313715117,abirajkanthaiah76@gmail.com,stormgain,switzerland,,,,,,,,,
,aegerter,michel,41799623920,aegimichel@hotmail.com,edge,switzerland,,,,,,,,,
,bilgischer,carlo,41797796457,c.bilgischer4@gmail.com,stormgain,switzerland,,,,,,,,,
,bernard,stevenstarto,41793328889,dida2803@hotmail.com,edge,switzerland,,,,,,,,,
,calarco,francesco,41779491732,franco.calarco@bluewin.ch,stormgain,switzerland,,,,,,,,,
,pernia,jayson,41791023737,jhashon@gmail.com,edge,switzerland,,,,,,,,,
,addor,johann,41789441788,johann@stylique.ch,stormgain,switzerland,,,,,,,,,
,calendo,luigi,41794624774,luigicalendo@gmail.com,stormgain,switzerland,,,,,,,,,
,neff,rita,41797510532,rita.neff67@gmail.com,stormgain,switzerland,,,,,,,,,
,bengler,philippe,41797598156,info@restaubois.ch,stormgain,switzerland,,,,,,,,,
,ammann,hanspeter,41767043707,hpammann@gmx.ch,mycelium,switzerland,,,,,,,,,
,copiatti,gabriele,41417807387,gcopiatti@gmail.com,stormgain,switzerland,,,,,,,,,
,blum,bruno,41765719430,brunoblum@gmx.ch,stormgain,switzerland,,,,,,,,,
,sutter,raphael,41788722092,raphael.sutter@gmx.ch,stormgain,switzerland,,,,,,,,,
,simon,favre,41227316400,laxisfox@hotmail.com,stormgain,switzerland,,,,,,,,,
,braun,gauthier,41795323833,gauthier.braun@gmail.com,stormgain,switzerland,,,,,,,,,
,caner,sahin,41792629197,cesahin92@gmail.com,stormgain,switzerland,,,,,,,,,
,llumnica,merita,41787530094,meri__ll@hotmail.com,stormgain,switzerland,,,,,,,,,
,brunner,bea,41791751013,bea.brunner@hispeed.ch,stormgain,switzerland,,,,,,,,,
,sinani,diti,41791359088,diitii__@live.de,stormgain,switzerland,,,,,,,,,
,bytyqi,naim,41768247865,naja_com@hotmail.com,stormgain,switzerland,,,,,,,,,
,ferreira,kevin,41793439240,kevin_ferreira756@hotmail.com,mycelium,switzerland,,,,,,,,,
,eberhard,samuel,41791968636,seberhard818@gmail.com,stormgain,switzerland,,,,,,,,,
,besijan,seferi,41796824776,besijanseferi@hotmail.com,stormgain,switzerland,,,,,,,,,
,jonathan,bigbear,41799444624,chaveiro.jonathan@gmail.com,stormgain,switzerland,,,,,,,,,
,imhof,andrea,41786291289,andrea.imhof1997@gmail.com,stormgain,switzerland,,,,,,,,,
,jeremias,keller,41794264786,kellerjeri7@gmail.com,stormgain,switzerland,,,,,,,,,
,imhof,jessica,41779501837,j.imhof@hotmail.ch,edge,switzerland,,,,,,,,,
,kamales,makenthiram,41788481571,vijith3411@gmail.com,stormgain,switzerland,,,,,,,,,
,imwinkelried,larissa,41794063687,larissa_biffiger@hotmail.ch,stormgain,switzerland,,,,,,,,,
,carlo,yoman,41794386181,kingkahl@bluewin.ch,stormgain,switzerland,,,,,,,,,
,crisp,martin,41765874886,crispm@bluewin.ch,stormgain,switzerland,,,,,,,,,
,son,felat,41796107134,feli.son@hotmail.com,stormgain,switzerland,,,,,,,,,
,kolly,yves,41794126401,y.kolly95@yahoo.com,stormgain,switzerland,,,,,,,,,
,hâã²mmerli,peter,41786774003,haemmerlip@gmail.com,stormgain,switzerland,,,,,,,,,
,gautschi,anita,41788292009,gautschita@gmail.com,stormgain,switzerland,,,,,,,,,
,imhof,karin,41788072019,kariin94@hotmail.com,stormgain,switzerland,,,,,,,,,
,kummer,tamara,41767589391,sosdeutschedoggen@gmail.com,stormgain,switzerland,,,,,,,,,
,jovanovic,daliborka,41793865545,daliborka82@icloud.com,stormgain,switzerland,,,,,,,,,
,hartmann,kai,41767607870,kai_hartmann@hispeed.ch,edge,switzerland,,,,,,,,,
,kloeti,andre,41796606723,andre.kloeti@gmx.ch,edge,switzerland,,,,,,,,,
,gwerder,sebastian,41786977703,seebi93@hotmail.com,stormgain,switzerland,,,,,,,,,
,hugo,aregger,41792855009,lasa77@gmx.ch,stormgain,switzerland,,,,,,,,,
,heinrich,kuhn,41795980349,heiri.kuhn@bluewin.ch,stormgain,switzerland,,,,,,,,,
,niederheitmann,khaell,41799444660,khaell_niederheitmann@hotmail.com,stormgain,switzerland,,,,,,,,,
,balic,andrea,41774632535,balic_andrea@yahoo.de,edge,switzerland,,,,,,,,,
,licht,joseli,41625112275,joseli@licht.com,stormgain,switzerland,,,,,,,,,
,pedrazzi,reto,41792387797,blogger@ideaspace.ch,stormgain,switzerland,,,,,,,,,
,maria,eva,41788481046,wanda.julie@gmail.com,stormgain,switzerland,,,,,,,,,
,ramsauer,karl,41784053294,carlos_ramsauer@mail.com,stormgain,switzerland,,,,,,,,,
,spitz,roger,41772432471,rogerspitz08@gmail.com,stormgain,switzerland,,,,,,,,,
,mnira,kevin,41787678284,kevincure74@gmail.com,stormgain,switzerland,,,,,,,,,
,jens,kaml,41911233215,jenskaml@yahoo.de,stormgain,switzerland,,,,,,,,,
,marin,luca,41792298858,marinluca@gmail.com,stormgain,switzerland,,,,,,,,,
,haefeli,walter,41763068857,walter_haefeli@bluewin.ch,stormgain,switzerland,,,,,,,,,
,jaquier,laurence,41774188813,lori67@gmx.ch,stormgain,switzerland,,,,,,,,,
,hristov,alexander,41774030277,alhristov69@gmail.com,edge,switzerland,,,,,,,,,
,odermatt,robert,41796607841,wake.up@sunrise.ch,stormgain,switzerland,,,,,,,,,
,personini,thierry,41794033879,thierry@softtiming.ch,stormgain,switzerland,,,,,,,,,
,kim,kuhn,41791221792,kimkuhn@outlook.com,stormgain,switzerland,,,,,,,,,
,hunn,mischa,41779878190,mischahunn@hotmail.com,stormgain,switzerland,,,,,,,,,
,sayedharoon,sadat,41227941307,s.saidharoon@yahoo.com,stormgain,switzerland,,,,,,,,,
,jose,realmadrid,41797228577,rodricazzo@hotmail.com,stormgain,switzerland,,,,,,,,,
,catillaz,gr‚goire,41797086939,1992greg@gmail.com,edge,switzerland,,,,,,,,,
,matteo,luca,41786972363,lucamatteo94@gmail.com,stormgain,switzerland,,,,,,,,,
,milos,krstic,41791578724,milos_krstic@gmx.ch,stormgain,switzerland,,,,,,,,,
,jlona,ming,41793571418,jlona.p@pintadu.ch,stormgain,switzerland,,,,,,,,,
,gina,gillieron,41794294577,gigijc@bluewin.ch,edge,switzerland,,,,,,,,,
,maier,willy,41788223575,willy.maier@bluewin.ch,stormgain,switzerland,,,,,,,,,
,russo,domenico,41793324607,russo@casaline.ch,stormgain,switzerland,,,,,,,,,
,muller,stephane,41767243558,muller.stephane@bluewin.ch,stormgain,switzerland,,,,,,,,,
,haberstich,melanie,41795498347,haberstichmelanie@gmail.com,stormgain,switzerland,,,,,,,,,
,liechti,joã®l,41774428227,joeliechti@gmail.com,stormgain,switzerland,,,,,,,,,
,troendle,guillaume,41764962777,guillaumetroendle@gmail.com,stormgain,switzerland,,,,,,,,,
,kulagins,dmitrijs,41766337383,kulagins@hotmail.de,edge,switzerland,,,,,,,,,
,pellegrini,ettore,41798674061,idl.ticino@bluewin.ch,stormgain,switzerland,,,,,,,,,
,fischet,manuel,41791263348,moosgass4.mf@gmail.com,stormgain,switzerland,,,,,,,,,
,klozik,jaroslav,41763843537,motocrossmania@seznam.cz,stormgain,switzerland,,,,,,,,,
,meshi,patrik,41764369473,parik.meshi@hotmail.de,stormgain,switzerland,,,,,,,,,
,kaspar,werner,41796994490,mail@kaspar.de,stormgain,switzerland,,,,,,,,,
,kuster,elsa,41796616733,kusterelsa88@gmail.com,edge,switzerland,,,,,,,,,
,lopez,nicole,41762676513,nicole_lopez@hotmail.ch,stormgain,switzerland,,,,,,,,,
,gassmann,jrg,41786445630,jurggassmann@gmail.com,stormgain,switzerland,,,,,,,,,
,cã·dric,cedric,41795112010,cedric.hennemann@ymail.com,stormgain,switzerland,,,,,,,,,
,bachofner,joe,41766501668,joebachofner@gmail.com,stormgain,switzerland,,,,,,,,,
,van,hans,41774204675,hanssvan@gmail.com,edge,switzerland,,,,,,,,,
,lucia,luciagames,41798128364,lucia.buitron13@gmail.com,stormgain,switzerland,,,,,,,,,
,rosenheim,ruth,41784050463,rosen@gmx.ch,edge,switzerland,,,,,,,,,
,lotfi,hannachi,41766894349,lotfi-hannachi@hotmail.ch,stormgain,switzerland,,,,,,,,,
,rodin,rozarijo,41786493565,rozarijorodin@gmail.com,edge,switzerland,,,,,,,,,
,bracher,paul,41786045410,paul.bracher@hispeed.ch,stormgain,switzerland,,,,,,,,,
,jufer,monika,41779885711,monikajufer@gmx.ch,edge,switzerland,,,,,,,,,
,marin,themis,41765966438,themis264@gmail.com,stormgain,switzerland,,,,,,,,,
,rado,mico,41415340057,miccaa24@gmail.com,stormgain,switzerland,,,,,,,,,
,birbaumer,pascal,41789440915,p.birbaumer@gmx.ch,stormgain,switzerland,,,,,,,,,
,scheurer,claudia,41789444520,claudia_scheurer@hispeed.ch,stormgain,switzerland,,,,,,,,,
,fhaiel,abdelmajid,41313517474,afhaiel@yahoo.fr,mycelium,switzerland,,,,,,,,,
,maria,eva,41787835431,evamoos@gmx.ch,stormgain,switzerland,,,,,,,,,
,atilla,balint,41799182471,balintatilla1985@gmail.com,stormgain,switzerland,,,,,,,,,
,schã²r,sandra,41223612652,indico7115@gmail.com,stormgain,switzerland,,,,,,,,,
,massud,sameti,41789603505,massud.sameti@gmail.com,stormgain,switzerland,,,,,,,,,
,minichiello,daniele,41788703373,daniele.minichiello85@gmail.com,stormgain,switzerland,,,,,,,,,
,bohne,ren,41795853404,renerossens@gmail.com,stormgain,switzerland,,,,,,,,,
,marty,christina,41763076160,green_shadow@hotmail.com,stormgain,switzerland,,,,,,,,,
,mitrovic,andrijana,41762931770,andrijana_mitrovic@hotmail.com,stormgain,switzerland,,,,,,,,,
,monteiro,gerson,41774633351,mizginbati1@hotmail.com,stormgain,switzerland,,,,,,,,,
,matic,nedeljko,41788855026,nedeljko.matic@hotmail.com,stormgain,switzerland,,,,,,,,,
,wolf,renata,41764064332,renata.eyholzer@gmail.com,mycelium,switzerland,,,,,,,,,
,kernbach,patrick,41522426077,patrick_kernbach@web.de,stormgain,switzerland,,,,,,,,,
,mattar,ahmed,41786004157,mattar@gmx.ch,stormgain,switzerland,,,,,,,,,
,dantas,idalia,41798309177,idalia27.10.77@hotmail.com,stormgain,switzerland,,,,,,,,,
,morgenthaler,philipp,41765644851,philip.morgenthaler@outlook.com,stormgain,switzerland,,,,,,,,,
,khan,rehman,41784063915,rehmi1998@gmail.com,stormgain,switzerland,,,,,,,,,
,mendolia,giuseppe,41787380153,giuseppe84mendolia@gmail.com,edge,switzerland,,,,,,,,,
,briand,olivier,41763923679,mbriand700@hotmail.com,stormgain,switzerland,,,,,,,,,
,zaugg,alain,41586803434,alain.zaugg91-1@gmail.com,stormgain,switzerland,,,,,,,,,
,peterson,willard,41792292325,planetwillard@protonmail.com,stormgain,switzerland,,,,,,,,,
,muntener,michael,41765695156,muentener.michael@gmx.ch,stormgain,switzerland,,,,,,,,,
,malcolm,prisca,41765634117,prisca.malcolm@gmx.ch,stormgain,switzerland,,,,,,,,,
,murgidq,francois,41766478370,innocolor.fm@gmail.com,stormgain,switzerland,,,,,,,,,
,mutlu,leyla,41774492117,erensema2712@gmail.com,stormgain,switzerland,,,,,,,,,
,nason,diana,41797036297,rotekinmelarossa@gmail.com,stormgain,switzerland,,,,,,,,,
,inji,bonnot,41779279585,b.inji@icloud.com,stormgain,switzerland,,,,,,,,,
,mullar,ajith,41788810375,jeya2611@gmail.com,stormgain,switzerland,,,,,,,,,
,ostojic,zoran,41794551543,zocker56@gmail.com,stormgain,switzerland,,,,,,,,,
,nguyen,kim,41794184256,nguyen.kt5619@gmail.com,edge,switzerland,,,,,,,,,
,caggiula,antonio,41344024514,caggiula.toni@gmail.com,edge,switzerland,,,,,,,,,
,foinke,susan,41417880777,suge@gmx.ch,stormgain,switzerland,,,,,,,,,
,madeux,debbie,41764136213,dmadeux@gmail.com,stormgain,switzerland,,,,,,,,,
,naegelin,lillyan,41792040348,lilly.simba@sunrise.ch,stormgain,switzerland,,,,,,,,,
,st‚ssi,andreas,41766495167,tank@stuessi-bbq.ch,stormgain,switzerland,,,,,,,,,
,godino,manuel,41798894654,manuel.godino@citycable.ch,edge,switzerland,,,,,,,,,
,pandurevic,marko,41797188808,marko.pandurevic@hotmail.ch,stormgain,switzerland,,,,,,,,,
,dietschi,jonas,41797882889,jdietschi@hotmail.com,stormgain,switzerland,,,,,,,,,
,fischli,hansjuerg,hj.fischli@sunrise.ch,1972,,switzerland,,,,,,,,,
