gruber nicole,switzerland,41793927717,nicolegruber90@hotmail.com,1979,4519,stormgain,No,MIX,0,BRO CH,0
braden norman,switzerland,41795380209,cobrad@hispeed.ch,1970,3932,stormgain,No,MIX,0,BRO CH,0
boesch andreas,switzerland,41714116070,boesch-andreas@bluewin.ch,1988,7014,edge,No,MIX,0,BRO CH,0
andesner georg,switzerland,41797317104,georg.andesner@hotmail.com,1983,16237,edge,No,MIX,0,BRO CH,0
luy alexandre,switzerland,41795368883,alexandre.luy@gmail.com,1985,7913,edge,No,MIX,0,BRO CH,0
mauro mmealuero,switzerland,41792302620,m.tarquinio@hotmail.com,1965,17153,edge,No,MIX,0,BRO CH,0
hummel katharina,switzerland,41764835845,info@katharina-hummel.de,1968,17771,stormgain,No,MIX,0,BRO CH,0
commergnat nicolas,switzerland,41786076727,n.commergnat@gmail.com,1985,5704,edge,No,MIX,0,BRO CH,0
wiedemeier cyril,switzerland,41766808443,cyrilwiedemeier@gmail.com,1973,10392,stormgain,No,MIX,0,BRO CH,0
widmer colin,switzerland,41795572924,colin.widmer@hotmail.ch,1963,7929,stormgain,No,MIX,0,BRO CH,0
wettach thierry,switzerland,41313401146,thierry.wettach@bernexpo.ch,1969,21940,stormgain,No,MIX,0,BRO CH,0
widmann alfred,switzerland,41792147908,freddywidmann@bluewin.ch,1965,19794,stormgain,No,MIX,0,BRO CH,0
buchs cyrill,switzerland,41795825467,cyrill.buchs@outlook.com,1965,13632,stormgain,No,MIX,0,BRO CH,0
vedjijoski bajram,switzerland,41797871963,bajram.vexhiu@gmail.com,1978,7780,stormgain,No,MIX,0,BRO CH,0
renfer heinz,switzerland,41796321294,heinz.renfer@bluewin.ch,1980,2201,stormgain,No,MIX,0,BRO CH,0
varela eliseu,switzerland,41797713791,eliseuvarela8@gmail.com,1983,19108,stormgain,No,MIX,0,BRO CH,0
uzuner akin,switzerland,41763334998,akinuzuner@hotmail.com,1963,3878,stormgain,No,MIX,0,BRO CH,0
wolf kurt,switzerland,41562825228,wolfkurt@bluewin.ch,1984,10455,stormgain,No,MIX,0,BRO CH,0
wã¯hrle david,switzerland,41793059736,david.woehrle@bluewin.ch,1987,2524,stormgain,No,MIX,0,BRO CH,0
yogalingam nithilaruban,switzerland,41793209200,nithi89@hotmail.de,1972,20550,stormgain,No,MIX,0,BRO CH,0
wiss julia,switzerland,41762388390,yuliya.wis@hotmail.com,1981,12803,stormgain,No,MIX,0,BRO CH,0
wyss daniela,switzerland,41795121958,daniela.wyss@uzh.ch,1984,15701,stormgain,No,MIX,0,BRO CH,0
yilmaz baturay,switzerland,41764206507,baturay.y36@gmail.com,1971,8816,stormgain,No,MIX,0,BRO CH,0
zanecchia armando,switzerland,41764974482,zanear@gmail.com,1976,6301,stormgain,No,MIX,0,BRO CH,0
nussbaumer christof,switzerland,41778908967,billy.corgan@gmx.ch,1967,8578,stormgain,No,MIX,0,BRO CH,0
troxler kevin,switzerland,41764223514,kevin.troxler@yahoo.de,1964,1369,stormgain,No,MIX,0,BRO CH,0
ruth frischknecht,switzerland,41794811290,ruthfrischknecht55@gmail.com,1969,9726,stormgain,No,MIX,0,BRO CH,0
veit katrina,switzerland,41792206652,katrina.cochingyan@gmail.com,1979,12915,stormgain,No,MIX,0,BRO CH,0
zumstein kay,switzerland,41792740997,kay-zumi-97@hotmail.com,1984,14300,stormgain,No,MIX,0,BRO CH,0
zwahlen christian,switzerland,41767486558,ch.zwahlen@gmx.ch,1973,5873,stormgain,No,MIX,0,BRO CH,0
tallarico michele,switzerland,41792085577,michele.tallarico@bluewin.ch,1977,6528,stormgain,No,MIX,0,BRO CH,0
walther brian,switzerland,41787072452,waltherbude08@yahoo.com,1964,9737,stormgain,No,MIX,0,BRO CH,0
dimitrova poly,switzerland,41763800640,poli933@mail.bg,1984,5612,mycelium,No,MIX,0,BRO CH,0
zuercher fabrice,switzerland,41797512328,fabricezuercher@yahoo.de,1989,8413,stormgain,No,MIX,0,BRO CH,0
zenger robert,switzerland,41793212171,robert.zenger@bluewin.ch,1966,10805,stormgain,No,MIX,0,BRO CH,0
stalder alain,switzerland,41792792820,asstalder@hotmail.com,1963,1752,stormgain,No,MIX,0,BRO CH,0
von hans,switzerland,41767248040,wurstemberger@vtxmail.ch,1979,13946,edge,No,MIX,0,BRO CH,0
zehner sascha,switzerland,41763079700,sascha10er@gmx.ch,1977,20431,stormgain,No,MIX,0,BRO CH,0
von peter,switzerland,41763607639,p.vonrohr@hotmail.com,1979,21661,stormgain,No,MIX,0,BRO CH,0
turan resat,switzerland,41764712018,resatturan@hotmail.com,1987,15334,stormgain,No,MIX,0,BRO CH,0
ibrahimi izair,switzerland,41791941082,izo_18_2006@hotmail.com,1972,2591,stormgain,No,MIX,0,BRO CH,0
volkmann eckhard,switzerland,41786774557,eckhard.volkmann@gmail.com,1979,19694,stormgain,No,MIX,0,BRO CH,0
thomas schue,switzerland,41763389970,schue1040@web.de,1968,3490,stormgain,No,MIX,0,BRO CH,0
spoerri spoerri,switzerland,41798794727,mspoerri@hispeed.ch,1990,10794,stormgain,No,MIX,0,BRO CH,0
mark bernhard,switzerland,41794521371,bernhardmark@hotmail.com,1988,20762,stormgain,No,MIX,0,BRO CH,0
sigel norah,switzerland,41796913118,norah.sigel@icloud.com,1969,8233,stormgain,No,MIX,0,BRO CH,0
senin fatima,switzerland,41786441897,senin@bluewin.ch,1964,14894,stormgain,No,MIX,0,BRO CH,0
tenzinpaldon tashikhang,switzerland,41765356747,tenpaldon778@yahoo.com,1980,14707,edge,No,MIX,0,BRO CH,0
svato ante,switzerland,41762396472,anterama@hotmail.com,1963,4617,stormgain,No,MIX,0,BRO CH,0
streit markus,switzerland,41793125793,markus.streit@mstreit.ch,1981,2470,stormgain,No,MIX,0,BRO CH,0
staehli regina,switzerland,41323772238,innupin@gmail.com,1978,11498,edge,No,MIX,0,BRO CH,0
siffert sandra,switzerland,41786351607,suli.fun@me.com,1982,7014,stormgain,No,MIX,0,BRO CH,0
studer remo,switzerland,41793921708,swsult@gml.cm,1982,16371,mycelium,No,MIX,0,BRO CH,0
semadeni cyrano,switzerland,41798526527,cc.semadeni@bluewin.ch,1974,19965,edge,No,MIX,0,BRO CH,0
simon jaberg,switzerland,41774648328,simon.jaberg@hotmail.ch,1984,6863,edge,No,MIX,0,BRO CH,0
schmidli peter,switzerland,41787488442,info@schmidli-weine.ch,1985,15544,stormgain,No,MIX,0,BRO CH,0
seeli peter,switzerland,41786091515,peter.seli@bluewin.ch,1964,3497,stormgain,No,MIX,0,BRO CH,0
schnegg maura,switzerland,41765366288,mauraschnegg@hotmail.com,1985,16537,stormgain,No,MIX,0,BRO CH,0
misic goran,switzerland,41762013030,goran.misic@bluewin.ch,1985,10533,stormgain,No,MIX,0,BRO CH,0
speich claudio,switzerland,41793522604,claudio.speich@gmail.com,1977,18211,stormgain,No,MIX,0,BRO CH,0
gomez margoth,switzerland,41763606561,margoth19731997@hotmail.com,1983,16504,stormgain,No,MIX,0,BRO CH,0
shutler michael,switzerland,41564242831,mike.shutler@bluewin.ch,1982,9481,stormgain,No,MIX,0,BRO CH,0
sieber andi,switzerland,41792152122,andisbriefe@gmail.com,1985,11348,edge,No,MIX,0,BRO CH,0
stefan killbud,switzerland,41445869207,alms.stef@gmail.com,1968,20276,mycelium,No,MIX,0,BRO CH,0
spiess ivo,switzerland,41788380513,xenonpay@gmail.com,1978,16250,stormgain,No,MIX,0,BRO CH,0
atuhaire vincent,switzerland,41788922313,atuhairevincent@gmail.com,1968,20155,stormgain,No,MIX,0,BRO CH,0
sieber sauda,switzerland,41792512804,saudaamandla@hotmail.com,1964,7295,stormgain,No,MIX,0,BRO CH,0
lehmann adrian,switzerland,41796577600,adrian.lehmann@sfxs.ch,1974,2058,edge,No,MIX,0,BRO CH,0
schlegel marvin,switzerland,41799048573,marvin.schlegel@web.de,1970,12150,stormgain,No,MIX,0,BRO CH,0
brand yvon,switzerland,41417806390,cosmo007@gmx.ch,1965,940,stormgain,No,MIX,0,BRO CH,0
schild pascal,switzerland,41768244224,pascal.fa.schild@gmail.com,1962,3768,stormgain,No,MIX,0,BRO CH,0
schmidhauser gabriela,switzerland,41793666272,gabriela.schmidhauser@bluewin.ch,1988,19569,mycelium,No,MIX,0,BRO CH,0
sascha amerian,switzerland,41764213113,sascha.lottenbach@sunrise.ch,1984,8630,stormgain,No,MIX,0,BRO CH,0
bianchini daniel,switzerland,41798414835,danielbianchini13@gmail.com,1987,1929,stormgain,No,MIX,0,BRO CH,0
salvi renato,switzerland,41793016775,salvi007@icloud.com,1990,10727,stormgain,No,MIX,0,BRO CH,0
roncin daniel,switzerland,41786481694,d.roncin@gmail.com,1974,5679,stormgain,No,MIX,0,BRO CH,0
uka rexhep,switzerland,41794152233,rexhepuka@hotmail.com,1973,19473,stormgain,No,MIX,0,BRO CH,0
salvisberg peter,switzerland,41796088454,salwa@bluewin.ch,1984,5851,stormgain,No,MIX,0,BRO CH,0
omondi kevin,switzerland,41775073133,kevinomosh@yahoo.com,1988,17694,stormgain,No,MIX,0,BRO CH,0
schreyer gilbert,switzerland,41792036988,gschreyer@bluewin.ch,1990,12796,stormgain,No,MIX,0,BRO CH,0
lukas stebler,switzerland,41786596226,steblerlukas@gmail.com,1962,12146,stormgain,No,MIX,0,BRO CH,0
stettler thomas,switzerland,41794810755,thom.stettler@bluewin.ch,1978,20548,stormgain,No,MIX,0,BRO CH,0
holderegger saskia,switzerland,41787121184,saskia@dancing-paws.com,1983,16650,stormgain,No,MIX,0,BRO CH,0
gil kai,switzerland,41562881941,xalid.mahmud@hotmail.com,1988,6515,stormgain,No,MIX,0,BRO CH,0
brtschi peter,switzerland,41799128852,baertschi65@gmail.com,1967,6637,stormgain,No,MIX,0,BRO CH,0
burkart claudia,switzerland,41796768500,burcla@bluewin.ch,1987,7938,stormgain,No,MIX,0,BRO CH,0
v‚chting dominik,switzerland,41219032994,tidom@bluewin.ch,1989,5702,stormgain,No,MIX,0,BRO CH,0
mathias this,switzerland,41793066488,mathiaseggenberger@msn.com,1969,14604,stormgain,No,MIX,0,BRO CH,0
ouziad tarek,switzerland,41764056353,tarek_013@hotmail.com,1973,7763,stormgain,No,MIX,0,BRO CH,0
ganshof philippe,switzerland,41796327300,phil_1134@hotmail.com,1979,8928,stormgain,No,MIX,0,BRO CH,0
favre francis,switzerland,41266581477,btservices@bluewin.ch,1989,19049,stormgain,No,MIX,0,BRO CH,0
wieland jakob,switzerland,41794807454,jwieland@bluewin.ch,1983,1947,stormgain,No,MIX,0,BRO CH,0
djuric marko,switzerland,41786441799,markodjuric@gmx.ch,1987,16039,stormgain,No,MIX,0,BRO CH,0
mitra bhaskar,switzerland,41799491508,bhaskarm26@gmail.com,1986,19497,stormgain,No,MIX,0,BRO CH,0
lutz eliane,switzerland,41799572834,eliane.lutz31@gmail.com,1985,7893,stormgain,No,MIX,0,BRO CH,0
wehrlin giido,switzerland,41613213281,gwehrlin3@cloud.com,1971,3856,stormgain,No,MIX,0,BRO CH,0
finn harold,switzerland,41414421340,hfinn@yahoo.com,1979,16570,stormgain,No,MIX,0,BRO CH,0
marot charles,switzerland,41765181383,marotsniper@hotmail.com,1963,12495,stormgain,No,MIX,0,BRO CH,0
diana cquicquoi,switzerland,41764963551,shivashaya@rocketmail.com,1978,3889,stormgain,No,MIX,0,BRO CH,0
lehne tino,switzerland,41767285557,tino.lehne@gmail.com,1965,5253,stormgain,No,MIX,0,BRO CH,0
erol huseyin,switzerland,41793642448,hu.erol@bluewin.ch,1979,10664,stormgain,No,MIX,0,BRO CH,0
bauer thomas,switzerland,41778797445,cyrus@safe-mail.net,1968,3915,stormgain,No,MIX,0,BRO CH,0
kregar andreas,switzerland,41786598688,akregar@msn.com,1990,15559,edge,No,MIX,0,BRO CH,0
zoll alois,switzerland,41417405060,info@druckvonabisz.ch,1974,14382,stormgain,No,MIX,0,BRO CH,0
pennock david,switzerland,41788492619,swissdave@hotmail.com,1985,12363,stormgain,No,MIX,0,BRO CH,0
drechsler rene,switzerland,41798133388,renedrechsler@gmx.ch,1974,20532,stormgain,No,MIX,0,BRO CH,0
qerimi petrit,switzerland,41791339600,pqerimi@gmx.ch,1974,1126,stormgain,No,MIX,0,BRO CH,0
sandmann thomas,switzerland,41794705243,der.sandmann@gmx.ch,1983,16205,stormgain,No,MIX,0,BRO CH,0
baeyens josiane,switzerland,41798471726,jbaeyens@bluewin.ch,1986,6754,stormgain,No,MIX,0,BRO CH,0
gabrynew gabrynew,switzerland,41762285056,gabrynew@hotmail.it,1973,6990,stormgain,No,MIX,0,BRO CH,0
kopka silvio,switzerland,41326390083,kopka.silvio@gmail.com,1983,13424,stormgain,No,MIX,0,BRO CH,0
diermayr claus,switzerland,41765181975,claus_diermayr@hotmail.com,1989,2459,stormgain,No,MIX,0,BRO CH,0
garciaacosta vienapatricia,switzerland,41765184349,viena38@gmail.com,1975,17761,stormgain,No,MIX,0,BRO CH,0
bayard marc,switzerland,41796164569,bayardm2017-1@gmail.com,1968,939,stormgain,No,MIX,0,BRO CH,0
bonanno mirko,switzerland,41792444967,mbonanno@infomaniak.ch,1977,5225,stormgain,No,MIX,0,BRO CH,0
nom prnom,switzerland,41788923118,teopt@live.com,1972,6963,stormgain,No,MIX,0,BRO CH,0
palacios valentina,switzerland,41767922127,valentinapcofre@gmail.com,1967,936,edge,No,MIX,0,BRO CH,0
marxer manfred,switzerland,41793440479,manfred.marxer@adon.li,1966,18147,stormgain,No,MIX,0,BRO CH,0
isakow peter,switzerland,41443024311,dolgorukow39@yahoo.de,1968,11549,stormgain,No,MIX,0,BRO CH,0
tiziano lucente,switzerland,41763197222,t.lucente@hotmail.com,1967,12904,stormgain,No,MIX,0,BRO CH,0
fleres michaela,switzerland,41789057484,misicka.s@gmail.com,1969,15189,stormgain,No,MIX,0,BRO CH,0
furrer dennis,switzerland,41787742371,dennis.furrer@bluewin.ch,1968,11585,stormgain,No,MIX,0,BRO CH,0
fritschi pierre,switzerland,41798238232,fritschi.p@hotmail.com,1966,562,edge,No,MIX,0,BRO CH,0
amacker hansjoerg,switzerland,41794068036,hj.amacker@bluewin.ch,1963,2043,stormgain,No,MIX,0,BRO CH,0
thadchanamoorthy icena,switzerland,41794909231,aiisu.rajah@gmail.com,1989,6596,stormgain,No,MIX,0,BRO CH,0
wendel sandro,switzerland,41795947487,sandrowendel@rocketmail.com,1976,10538,stormgain,No,MIX,0,BRO CH,0
aguilera geordanis,switzerland,41789266081,cubahorta@hotmail.com,1983,13752,stormgain,No,MIX,0,BRO CH,0
herbe mireille,switzerland,41792439615,perline21@hotmail.com,1987,11111,stormgain,No,MIX,0,BRO CH,0
edwards duke,switzerland,41416651292,duke.09@live.com.au,1986,18594,stormgain,No,MIX,0,BRO CH,0
eggimann andreas,switzerland,41793815982,a.eggimann@virgo-tiag.ch,1987,15503,stormgain,No,MIX,0,BRO CH,0
harting josch,switzerland,41796011475,m.einspieler@bluewin.ch,1986,20152,stormgain,No,MIX,0,BRO CH,0
bieri erwinf,switzerland,41412401512,erwinf.bieri@bluewin.ch,1975,5490,stormgain,No,MIX,0,BRO CH,0
bã¯hm cornelia,switzerland,41616413568,c.boehm@bluewin.ch,1974,3571,stormgain,No,MIX,0,BRO CH,0
fankhauser leon,switzerland,41791746569,fankhauserleon58@gmail.com,1968,16694,stormgain,No,MIX,0,BRO CH,0
gufler horst,switzerland,41786186265,horstgufler@gmail.com,1987,12225,stormgain,No,MIX,0,BRO CH,0
cerini david,switzerland,41334382624,truckerfreak@hotmail.com,1969,17703,stormgain,No,MIX,0,BRO CH,0
bektashi hyrie,switzerland,41764281486,hyrijebektashi3@hotmail.com,1981,18864,stormgain,No,MIX,0,BRO CH,0
falconi franca,switzerland,41799241465,franca.falconi@gmail.com,1977,6839,stormgain,No,MIX,0,BRO CH,0
sutkowski tomasz,switzerland,41767121106,thomas.schmit73@gmail.com,1971,4588,stormgain,No,MIX,0,BRO CH,0
tracgsker christa,switzerland,41763395005,goldentrails@gmx.ch,1981,1387,stormgain,No,MIX,0,BRO CH,0
judita kaeppeli,switzerland,41796703467,markusbenz@hotmail.ch,1974,9232,stormgain,No,MIX,0,BRO CH,0
fetahu irfan,switzerland,41764489269,fetahuirfan@hotmail.com,1977,8830,stormgain,No,MIX,0,BRO CH,0
krapf bruno,switzerland,41793386921,bruno.krapf@uzh.ch,1980,20044,stormgain,No,MIX,0,BRO CH,0
frank pascal,switzerland,41796773225,pascal_frank@hotmail.com,1968,18617,stormgain,No,MIX,0,BRO CH,0
ltolf christian,switzerland,41787533747,1luetolfch@bluewin.ch,1979,16887,stormgain,No,MIX,0,BRO CH,0
dolle philippe,switzerland,41792989555,dollepv@bluewin.ch,1988,15854,edge,No,MIX,0,BRO CH,0
dussez claude,switzerland,41794627678,claudedussez@hotmail.fr,1965,14405,stormgain,No,MIX,0,BRO CH,0
zollinger roman,switzerland,41799383867,rozollinger@gmx.ch,1986,6689,stormgain,No,MIX,0,BRO CH,0
kaufmann jonas,switzerland,41793058754,airtwist@bluewin.ch,1975,18241,stormgain,No,MIX,0,BRO CH,0
loosli sandra,switzerland,41787852091,loosli.sandra@gmx.ch,1990,19282,stormgain,No,MIX,0,BRO CH,0
iliev orlin,switzerland,41767777207,orlin.iliev1@gmail.com,1981,13478,stormgain,No,MIX,0,BRO CH,0
alptekin zeki,switzerland,41795237089,nail.alptekin@hispeed.ch,1984,21664,stormgain,No,MIX,0,BRO CH,0
alaj jetlir,switzerland,41765041991,jeti_a@hotmail.com,1963,19286,stormgain,No,MIX,0,BRO CH,0
damisch peter,switzerland,41789006868,damisch.peter@gmail.com,1984,12118,edge,No,MIX,0,BRO CH,0
sorockis vadims,switzerland,41767927289,sorockis@gmail.com,1968,6107,stormgain,No,MIX,0,BRO CH,0
daniels michael,switzerland,41435343427,adlerfarn@gmail.com,1977,20801,stormgain,No,MIX,0,BRO CH,0
collaud samuel,switzerland,41792879305,sampognon@gmail.com,1977,7187,stormgain,No,MIX,0,BRO CH,0
dettling roger,switzerland,41788585783,roger.dettling@hispeed.ch,1978,12585,stormgain,No,MIX,0,BRO CH,0
hess patrik,switzerland,41797514041,patrikhess@msn.com,1974,15542,stormgain,No,MIX,0,BRO CH,0
grothe sabrina,switzerland,41797994880,s.grothe@hispeed.ch,1967,12432,stormgain,No,MIX,0,BRO CH,0
majkic vladimir,switzerland,41764176433,vladimir.majkic@gmx.ch,1968,8333,stormgain,No,MIX,0,BRO CH,0
elhilali elhilali,switzerland,41787267844,mohaa.el@hotmail.com,1985,6576,stormgain,No,MIX,0,BRO CH,0
goldfinger auric,switzerland,41419928476,auric.goldfinger@lycos.com,1979,2489,stormgain,No,MIX,0,BRO CH,0
masrosello josep,switzerland,41787391344,rosellomasjosep@gmail.com,1980,12657,stormgain,No,MIX,0,BRO CH,0
ruedi hof,switzerland,41628771855,fam_hof@bluewin.ch,1983,9170,stormgain,No,MIX,0,BRO CH,0
coelho gra∫a,switzerland,41762689911,gracasoeiro@sapo.pt,1988,3753,stormgain,No,MIX,0,BRO CH,0
yeker deniz,switzerland,41784002671,deniz.yeker@gmail.com,1980,20703,stormgain,No,MIX,0,BRO CH,0
guenat christian,switzerland,41786278200,christian@guenat.com,1964,7458,stormgain,No,MIX,0,BRO CH,0
gall tina,switzerland,41774201128,tinagall1997@gmail.com,1967,5117,edge,No,MIX,0,BRO CH,0
haefeli joy,switzerland,41796920056,joy.haefeli@gmail.com,1968,15835,stormgain,No,MIX,0,BRO CH,0
cavalera salvatore,switzerland,41788289427,trasporti_cavalera@hotmail.com,1967,4947,stormgain,No,MIX,0,BRO CH,0
niederer marco,switzerland,41765306018,marconiederer@yahoo.de,1971,8236,stormgain,No,MIX,0,BRO CH,0
frank david,switzerland,41788286404,d.frank@lancawterac.uk,1982,7400,stormgain,No,MIX,0,BRO CH,0
"miljic""m!rsel",switz%sland,41712929494,marsel.miljéc@live.com,1962,17175,stormgain,No,MIX,0,BRO CH,0
balsamo bruno,switzerland,41796867064,hollywood6@bluewin.ch,1974,1355,edge,No,MIX,0,BRO CH,0
barens john,switzerland,41767921583,myswisslap@gmail.com,1980,8805,stormgain,No,MIX,0,BRO CH,0
osborne daniel,switzerland,41799574948,daniel1997osborne@hotmail.com,1980,18016,stormgain,No,MIX,0,BRO CH,0
alessandro alex,switzerland,41786971909,a.zanti@windowslive.com,1964,12531,stormgain,No,MIX,0,BRO CH,0
bigher swen,switzerland,41763606864,swen_bigger1988@hotmail.com,1968,12260,stormgain,No,MIX,0,BRO CH,0
violaine manuela,switzerland,41797716852,roger.manou@windowslive.com,1980,10715,edge,No,MIX,0,BRO CH,0
kanthaiah abiraj,switzerland,41763750729,abirajkanthaiah76@gmail.com,1975,21993,stormgain,No,MIX,0,BRO CH,0
aegerter michel,switzerland,41313715117,aegimichel@hotmail.com,1969,11277,edge,No,MIX,0,BRO CH,0
bilgischer carlo,switzerland,41799623920,c.bilgischer4@gmail.com,1987,3370,stormgain,No,MIX,0,BRO CH,0
bernard stevenstarto,switzerland,41797796457,dida2803@hotmail.com,1980,3597,edge,No,MIX,0,BRO CH,0
calarco francesco,switzerland,41793328889,franco.calarco@bluewin.ch,1977,17487,stormgain,No,MIX,0,BRO CH,0
pernia jayson,switzerland,41779491732,jhashon@gmail.com,1966,4584,edge,No,MIX,0,BRO CH,0
addor johann,switzerland,41791023737,johann@stylique.ch,1967,3443,stormgain,No,MIX,0,BRO CH,0
calendo luigi,switzerland,41789441788,luigicalendo@gmail.com,1967,16034,stormgain,No,MIX,0,BRO CH,0
neff rita,switzerland,41794624774,rita.neff67@gmail.com,1976,19169,stormgain,No,MIX,0,BRO CH,0
bengler philippe,switzerland,41797510532,info@restaubois.ch,1987,18260,stormgain,No,MIX,0,BRO CH,0
ammann hanspeter,switzerland,41797598156,hpammann@gmx.ch,1979,13918,mycelium,No,MIX,0,BRO CH,0
copiatti gabriele,switzerland,41767043707,gcopiatti@gmail.com,1969,12462,stormgain,No,MIX,0,BRO CH,0
blum bruno,switzerland,41417807387,brunoblum@gmx.ch,1973,6359,stormgain,No,MIX,0,BRO CH,0
sutter raphael,switzerland,41765719430,raphael.sutter@gmx.ch,1980,4152,stormgain,No,MIX,0,BRO CH,0
simon favre,switzerland,41788722092,laxisfox@hotmail.com,1989,5740,stormgain,No,MIX,0,BRO CH,0
braun gauthier,switzerland,41227316400,gauthier.braun@gmail.com,1977,3467,stormgain,No,MIX,0,BRO CH,0
caner sahin,switzerland,41795323833,cesahin92@gmail.com,1988,8979,stormgain,No,MIX,0,BRO CH,0
llumnica merita,switzerland,41792629197,meri__ll@hotmail.com,1981,17691,stormgain,No,MIX,0,BRO CH,0
brunner bea,switzerland,41787530094,bea.brunner@hispeed.ch,1989,7798,stormgain,No,MIX,0,BRO CH,0
sinani diti,switzerland,41791751013,diitii__@live.de,1978,6666,stormgain,No,MIX,0,BRO CH,0
bytyqi naim,switzerland,41791359088,naja_com@hotmail.com,1987,19448,stormgain,No,MIX,0,BRO CH,0
ferreira kevin,switzerland,41768247865,kevin_ferreira756@hotmail.com,1974,6065,mycelium,No,MIX,0,BRO CH,0
eberhard samuel,switzerland,41793439240,seberhard818@gmail.com,1978,20553,stormgain,No,MIX,0,BRO CH,0
besijan seferi,switzerland,41791968636,besijanseferi@hotmail.com,1981,4798,stormgain,No,MIX,0,BRO CH,0
jonathan bigbear,switzerland,41796824776,chaveiro.jonathan@gmail.com,1981,18669,stormgain,No,MIX,0,BRO CH,0
imhof andrea,switzerland,41799444624,andrea.imhof1997@gmail.com,1985,12261,stormgain,No,MIX,0,BRO CH,0
jeremias keller,switzerland,41786291289,kellerjeri7@gmail.com,1966,7014,stormgain,No,MIX,0,BRO CH,0
imhof jessica,switzerland,41794264786,j.imhof@hotmail.ch,1965,4142,edge,No,MIX,0,BRO CH,0
kamales makenthiram,switzerland,41779501837,vijith3411@gmail.com,1983,2089,stormgain,No,MIX,0,BRO CH,0
imwinkelried larissa,switzerland,41788481571,larissa_biffiger@hotmail.ch,1981,9419,stormgain,No,MIX,0,BRO CH,0
carlo yoman,switzerland,41794063687,kingkahl@bluewin.ch,1979,19667,stormgain,No,MIX,0,BRO CH,0
crisp martin,switzerland,41794386181,crispm@bluewin.ch,1989,6845,stormgain,No,MIX,0,BRO CH,0
son felat,switzerland,41765874886,feli.son@hotmail.com,1987,1228,stormgain,No,MIX,0,BRO CH,0
kolly yves,switzerland,41796107134,y.kolly95@yahoo.com,1982,1186,stormgain,No,MIX,0,BRO CH,0
hâã²mmerli peter,switzerland,41794126401,haemmerlip@gmail.com,1978,954,stormgain,No,MIX,0,BRO CH,0
gautschi anita,switzerland,41786774003,gautschita@gmail.com,1982,4549,stormgain,No,MIX,0,BRO CH,0
imhof karin,switzerland,41788292009,kariin94@hotmail.com,1967,8885,stormgain,No,MIX,0,BRO CH,0
kummer tamara,switzerland,41788072019,sosdeutschedoggen@gmail.com,1974,6848,stormgain,No,MIX,0,BRO CH,0
jovanovic daliborka,switzerland,41767589391,daliborka82@icloud.com,1987,6394,stormgain,No,MIX,0,BRO CH,0
hartmann kai,switzerland,41793865545,kai_hartmann@hispeed.ch,1964,3567,edge,No,MIX,0,BRO CH,0
kloeti andre,switzerland,41767607870,andre.kloeti@gmx.ch,1987,20566,edge,No,MIX,0,BRO CH,0
gwerder sebastian,switzerland,41796606723,seebi93@hotmail.com,1986,2562,stormgain,No,MIX,0,BRO CH,0
hugo aregger,switzerland,41786977703,lasa77@gmx.ch,1965,8688,stormgain,No,MIX,0,BRO CH,0
heinrich kuhn,switzerland,41792855009,heiri.kuhn@bluewin.ch,1990,11795,stormgain,No,MIX,0,BRO CH,0
niederheitmann khaell,switzerland,41795980349,khaell_niederheitmann@hotmail.com,1984,12208,stormgain,No,MIX,0,BRO CH,0
balic andrea,switzerland,41799444660,balic_andrea@yahoo.de,1979,13150,edge,No,MIX,0,BRO CH,0
licht joseli,switzerland,41774632535,joseli@licht.com,1979,9596,stormgain,No,MIX,0,BRO CH,0
pedrazzi reto,switzerland,41625112275,blogger@ideaspace.ch,1977,4830,stormgain,No,MIX,0,BRO CH,0
maria eva,switzerland,41792387797,wanda.julie@gmail.com,1985,7092,stormgain,No,MIX,0,BRO CH,0
ramsauer karl,switzerland,41788481046,carlos_ramsauer@mail.com,1973,11768,stormgain,No,MIX,0,BRO CH,0
spitz roger,switzerland,41784053294,rogerspitz08@gmail.com,1980,21041,stormgain,No,MIX,0,BRO CH,0
mnira kevin,switzerland,41772432471,kevincure74@gmail.com,1984,19813,stormgain,No,MIX,0,BRO CH,0
jens kaml,switzerland,41787678284,jenskaml@yahoo.de,1974,10674,stormgain,No,MIX,0,BRO CH,0
marin luca,switzerland,41911233215,marinluca@gmail.com,1967,15676,stormgain,No,MIX,0,BRO CH,0
haefeli walter,switzerland,41792298858,walter_haefeli@bluewin.ch,1973,531,stormgain,No,MIX,0,BRO CH,0
jaquier laurence,switzerland,41763068857,lori67@gmx.ch,1979,2980,stormgain,No,MIX,0,BRO CH,0
hristov alexander,switzerland,41774188813,alhristov69@gmail.com,1974,4974,edge,No,MIX,0,BRO CH,0
odermatt robert,switzerland,41774030277,wake.up@sunrise.ch,1973,6719,stormgain,No,MIX,0,BRO CH,0
personini thierry,switzerland,41796607841,thierry@softtiming.ch,1974,20890,stormgain,No,MIX,0,BRO CH,0
kim kuhn,switzerland,41794033879,kimkuhn@outlook.com,1974,3758,stormgain,No,MIX,0,BRO CH,0
hunn mischa,switzerland,41791221792,mischahunn@hotmail.com,1963,14072,stormgain,No,MIX,0,BRO CH,0
sayedharoon sadat,switzerland,41779878190,s.saidharoon@yahoo.com,1970,19811,stormgain,No,MIX,0,BRO CH,0
jose realmadrid,switzerland,41227941307,rodricazzo@hotmail.com,1972,12148,stormgain,No,MIX,0,BRO CH,0
catillaz gr‚goire,switzerland,41797228577,1992greg@gmail.com,1976,11022,edge,No,MIX,0,BRO CH,0
matteo luca,switzerland,41797086939,lucamatteo94@gmail.com,1977,13518,stormgain,No,MIX,0,BRO CH,0
milos krstic,switzerland,41786972363,milos_krstic@gmx.ch,1966,3672,stormgain,No,MIX,0,BRO CH,0
jlona ming,switzerland,41791578724,jlona.p@pintadu.ch,1979,6184,stormgain,No,MIX,0,BRO CH,0
gina gillieron,switzerland,41793571418,gigijc@bluewin.ch,1972,19431,edge,No,MIX,0,BRO CH,0
maier willy,switzerland,41794294577,willy.maier@bluewin.ch,1962,6435,stormgain,No,MIX,0,BRO CH,0
russo domenico,switzerland,41788223575,russo@casaline.ch,1972,17938,stormgain,No,MIX,0,BRO CH,0
muller stephane,switzerland,41793324607,muller.stephane@bluewin.ch,1968,21657,stormgain,No,MIX,0,BRO CH,0
haberstich melanie,switzerland,41767243558,haberstichmelanie@gmail.com,1964,19328,stormgain,No,MIX,0,BRO CH,0
liechti joã®l,switzerland,41795498347,joeliechti@gmail.com,1983,15320,stormgain,No,MIX,0,BRO CH,0
troendle guillaume,switzerland,41774428227,guillaumetroendle@gmail.com,1968,5594,stormgain,No,MIX,0,BRO CH,0
kulagins dmitrijs,switzerland,41764962777,kulagins@hotmail.de,1966,14711,edge,No,MIX,0,BRO CH,0
pellegrini ettore,switzerland,41766337383,idl.ticino@bluewin.ch,1986,21120,stormgain,No,MIX,0,BRO CH,0
fischet manuel,switzerland,41798674061,moosgass4.mf@gmail.com,1977,2715,stormgain,No,MIX,0,BRO CH,0
klozik jaroslav,switzerland,41791263348,motocrossmania@seznam.cz,1980,6908,stormgain,No,MIX,0,BRO CH,0
meshi patrik,switzerland,41763843537,parik.meshi@hotmail.de,1969,8265,stormgain,No,MIX,0,BRO CH,0
kaspar werner,switzerland,41764369473,mail@kaspar.de,1966,9206,stormgain,No,MIX,0,BRO CH,0
kuster elsa,switzerland,41796994490,kusterelsa88@gmail.com,1962,5342,edge,No,MIX,0,BRO CH,0
lopez nicole,switzerland,41796616733,nicole_lopez@hotmail.ch,1972,507,stormgain,No,MIX,0,BRO CH,0
gassmann jrg,switzerland,41762676513,jurggassmann@gmail.com,1964,21553,stormgain,No,MIX,0,BRO CH,0
cã·dric cedric,switzerland,41786445630,cedric.hennemann@ymail.com,1990,11617,stormgain,No,MIX,0,BRO CH,0
bachofner joe,switzerland,41795112010,joebachofner@gmail.com,1967,13109,stormgain,No,MIX,0,BRO CH,0
van hans,switzerland,41766501668,hanssvan@gmail.com,1984,17040,edge,No,MIX,0,BRO CH,0
lucia luciagames,switzerland,41774204675,lucia.buitron13@gmail.com,1977,20028,stormgain,No,MIX,0,BRO CH,0
rosenheim ruth,switzerland,41798128364,rosen@gmx.ch,1987,7866,edge,No,MIX,0,BRO CH,0
lotfi hannachi,switzerland,41784050463,lotfi-hannachi@hotmail.ch,1964,21008,stormgain,No,MIX,0,BRO CH,0
rodin rozarijo,switzerland,41766894349,rozarijorodin@gmail.com,1982,19255,edge,No,MIX,0,BRO CH,0
bracher paul,switzerland,41786493565,paul.bracher@hispeed.ch,1990,619,stormgain,No,MIX,0,BRO CH,0
jufer monika,switzerland,41786045410,monikajufer@gmx.ch,1990,10839,edge,No,MIX,0,BRO CH,0
marin themis,switzerland,41779885711,themis264@gmail.com,1978,7313,stormgain,No,MIX,0,BRO CH,0
rado mico,switzerland,41765966438,miccaa24@gmail.com,1982,5896,stormgain,No,MIX,0,BRO CH,0
birbaumer pascal,switzerland,41415340057,p.birbaumer@gmx.ch,1973,19391,stormgain,No,MIX,0,BRO CH,0
scheurer claudia,switzerland,41789440915,claudia_scheurer@hispeed.ch,1982,5338,stormgain,No,MIX,0,BRO CH,0
fhaiel abdelmajid,switzerland,41789444520,afhaiel@yahoo.fr,1972,6165,mycelium,No,MIX,0,BRO CH,0
maria eva,switzerland,41313517474,evamoos@gmx.ch,1962,2157,stormgain,No,MIX,0,BRO CH,0
atilla balint,switzerland,41787835431,balintatilla1985@gmail.com,1969,1183,stormgain,No,MIX,0,BRO CH,0
schã²r sandra,switzerland,41799182471,indico7115@gmail.com,1975,21443,stormgain,No,MIX,0,BRO CH,0
massud sameti,switzerland,41223612652,massud.sameti@gmail.com,1990,18332,stormgain,No,MIX,0,BRO CH,0
minichiello daniele,switzerland,41789603505,daniele.minichiello85@gmail.com,1969,19952,stormgain,No,MIX,0,BRO CH,0
bohne ren,switzerland,41788703373,renerossens@gmail.com,1975,4922,stormgain,No,MIX,0,BRO CH,0
marty christina,switzerland,41795853404,green_shadow@hotmail.com,1985,8867,stormgain,No,MIX,0,BRO CH,0
mitrovic andrijana,switzerland,41763076160,andrijana_mitrovic@hotmail.com,1979,10341,stormgain,No,MIX,0,BRO CH,0
monteiro gerson,switzerland,41762931770,mizginbati1@hotmail.com,1977,3124,stormgain,No,MIX,0,BRO CH,0
matic nedeljko,switzerland,41774633351,nedeljko.matic@hotmail.com,1981,19172,stormgain,No,MIX,0,BRO CH,0
wolf renata,switzerland,41788855026,renata.eyholzer@gmail.com,1973,9586,mycelium,No,MIX,0,BRO CH,0
kernbach patrick,switzerland,41764064332,patrick_kernbach@web.de,1981,20981,stormgain,No,MIX,0,BRO CH,0
mattar ahmed,switzerland,41522426077,mattar@gmx.ch,1977,11601,stormgain,No,MIX,0,BRO CH,0
dantas idalia,switzerland,41786004157,idalia27.10.77@hotmail.com,1967,20867,stormgain,No,MIX,0,BRO CH,0
morgenthaler philipp,switzerland,41798309177,philip.morgenthaler@outlook.com,1987,5009,stormgain,No,MIX,0,BRO CH,0
khan rehman,switzerland,41765644851,rehmi1998@gmail.com,1990,7534,stormgain,No,MIX,0,BRO CH,0
mendolia giuseppe,switzerland,41784063915,giuseppe84mendolia@gmail.com,1964,4372,edge,No,MIX,0,BRO CH,0
briand olivier,switzerland,41787380153,mbriand700@hotmail.com,1969,2832,stormgain,No,MIX,0,BRO CH,0
zaugg alain,switzerland,41763923679,alain.zaugg91-1@gmail.com,1964,5179,stormgain,No,MIX,0,BRO CH,0
peterson willard,switzerland,41586803434,planetwillard@protonmail.com,1989,20850,stormgain,No,MIX,0,BRO CH,0
muntener michael,switzerland,41792292325,muentener.michael@gmx.ch,1962,6789,stormgain,No,MIX,0,BRO CH,0
malcolm prisca,switzerland,41765695156,prisca.malcolm@gmx.ch,1980,7302,stormgain,No,MIX,0,BRO CH,0
murgidq francois,switzerland,41765634117,innocolor.fm@gmail.com,1988,5982,stormgain,No,MIX,0,BRO CH,0
mutlu leyla,switzerland,41766478370,erensema2712@gmail.com,1966,19860,stormgain,No,MIX,0,BRO CH,0
nason diana,switzerland,41774492117,rotekinmelarossa@gmail.com,1984,6429,stormgain,No,MIX,0,BRO CH,0
inji bonnot,switzerland,41797036297,b.inji@icloud.com,1979,3251,stormgain,No,MIX,0,BRO CH,0
mullar ajith,switzerland,41779279585,jeya2611@gmail.com,1978,6140,stormgain,No,MIX,0,BRO CH,0
ostojic zoran,switzerland,41788810375,zocker56@gmail.com,1990,18078,stormgain,No,MIX,0,BRO CH,0
nguyen kim,switzerland,41794551543,nguyen.kt5619@gmail.com,1980,18934,edge,No,MIX,0,BRO CH,0
caggiula antonio,switzerland,41794184256,caggiula.toni@gmail.com,1971,15800,edge,No,MIX,0,BRO CH,0
foinke susan,switzerland,41344024514,suge@gmx.ch,1988,15759,stormgain,No,MIX,0,BRO CH,0
madeux debbie,switzerland,41417880777,dmadeux@gmail.com,1975,6978,stormgain,No,MIX,0,BRO CH,0
naegelin lillyan,switzerland,41764136213,lilly.simba@sunrise.ch,1985,6751,stormgain,No,MIX,0,BRO CH,0
st‚ssi andreas,switzerland,41792040348,tank@stuessi-bbq.ch,1978,21270,stormgain,No,MIX,0,BRO CH,0
godino manuel,switzerland,41766495167,manuel.godino@citycable.ch,1969,6440,edge,No,MIX,0,BRO CH,0
pandurevic marko,switzerland,41798894654,marko.pandurevic@hotmail.ch,1989,15994,stormgain,No,MIX,0,BRO CH,0
dietschi jonas,switzerland,41797188808,jdietschi@hotmail.com,1986,18464,stormgain,No,MIX,0,BRO CH,0
fischli hansjuerg,switzerland,41797882889,hj.fischli@sunrise.ch,1972,1137,stormgain,No,MIX,0,BRO CH,0
