erik fiedler erik,Germany,germany - crypto,efiedlermd@googlemail.com,491601561281,4191,MIX,0,0,0,No,0
ines einhaus ines einhauc,Germany,germany - crypto,seni17!0@weB.fe,491606214858,5077,MIX,0,0,0,No,0
andreas huber andreas huber,Germany,germany - crypto,huberandi885@gmail.com,491606488202,3861,MIX,0,0,0,No,0
herta hoefler herta hoefler,Germany,germany - crypto,herta.hoefler@gmx.de,491606769699,5273,MIX,0,0,0,No,0
christian secknus christian,Germany,germany - crypto,christian.seck.nuss@gmail.com,491607673818,4081,MIX,0,0,0,No,0
semir sejfulahi semir sejfulahi,Germany,germany - crypto,semir.sejfuli@outlook.de,491622897644,2532,MIX,0,0,0,No,0
christine franke christine,Germany,germany - crypto,christine_franke53@yahoo.de,491622931608,2554,MIX,0,0,0,No,0
andreas rosenkranz andreas,Germany,germany - crypto,a.rosi@gmx.net,491623241765,3903,MIX,0,0,0,No,0
peter seuEr peter 3euer,Germany,germany - crypto,saumr-37@web.de,491623247165,2549,MIX,0,0,0,No,0
gemmel ronny gemmel ronny,Germany,germany - crypto,gemmelronny@gmail.com,491625272494,2313,MIX,0,0,0,No,0
staudte bernd staudte bernd,Germany,germany - crypto,yogbernd@aol.com,491626517967,4669,MIX,0,0,0,No,0
michaeljung jung michaeljung jung,Germany,germany - crypto,autoservice-linden@web.de,491627300622,2383,MIX,0,0,0,No,0
walter christopher walter christopher,Germany,germany - crypto,ctalt@web.de,491627497064,3056,MIX,0,0,0,No,0
sigitas koja sigitas koja,Germany,germany - crypto,garsijas50@mail.ru,491628260175,4031,MIX,0,0,0,No,0
peter mania peter mania,Germany,germany - crypto,petermarianne45@googlemail.com,491629153469,5094,MIX,0,0,0,No,0
jens heiko weckbrodt jens heiko weckbrodt,Germany,germany - crypto,postfach-weckbrodt@web.de,491629386268,5425,MIX,0,0,0,No,0
fuat gashi fuat gashi,Germany,germany - crypto,gashi.fuat@gmail.com,491631851150,2652,MIX,0,0,0,No,0
christian laudamus christian laudamus,Germany,germany - crypto,chk.bayern@yahoo.de,491634203076,3492,MIX,0,0,0,No,0
wilhelm valentin wilhelm valentin,Germany,germany - crypto,willi.79102@web.de,491634210012,4518,MIX,0,0,0,No,0
rodi dogan rodi dogan,Germany,germany - crypto,rodidogan537@hotmail.de,491634626706,2179,MIX,0,0,0,No,0
udo sandmann udo sandmann,Germany,germany - crypto,udo-sandmann@web.de,491701235678,4512,MIX,0,0,0,No,0
florian sandbichler florian sandbichler,Germany,germany - crypto,saujagdplanung@live.com,491701624238,4174,MIX,0,0,0,No,0
friedrich franz friedrich franz,Germany,germany - crypto,franz62@kdwelt.de,491701837418,4491,MIX,0,0,0,No,0
renate maier renate maier,Germany,germany - crypto,remaier@yahoo.com,491702060610,5354,MIX,0,0,0,No,0
kimpfler gunther kimpfler gunther,Germany,germany - crypto,g.kimpfler@kimpfler.com,491702245668,4143,MIX,0,0,0,No,0
gerd lansing gerd lansing,Germany,germany - crypto,lansing.gerd@gmail.com,491702443516,4534,MIX,0,0,0,No,0
jrg nowak jrg,Germany,germany - crypto,jogibaer2@web.de,491702714365,4382,MIX,0,0,0,No,0
markus rafalski markus,Germany,germany - crypto,markus-rafalski@t-online.de,491702768624,1980,MIX,0,0,0,No,0
tietz harry tietz harry,Germany,germany - crypto,tietztig@aol.com,491703115049,3420,MIX,0,0,0,No,0
uenlue ugur uenlue ugur,Germany,germany - crypto,ugur.uenlue@gmx.de,491705757455,4468,MIX,0,0,0,No,0
arthur weber arthur weber,Germany,germany - crypto,cafe-schneeweiss@gmx.de,491705812559,5354,MIX,0,0,0,No,0
jas andre jas andre,Germany,germany - crypto,jassi73@web.de,491708084069,4017,MIX,0,0,0,No,0
schmidt herry schmidt herry,Germany,germany - crypto,hs-montagebau@arcor.de,491711726200,4235,MIX,0,0,0,No,0
juri gergert juri gergert,Germany,germany - crypto,jurigergert@yahoo.de,491711895006,2953,MIX,0,0,0,No,0
thomas herberich thomas herberich,Germany,germany - crypto,thomasherberich@gmail.com,491711940007,3860,MIX,0,0,0,No,0
werner meuersmorp werner meuersmorp,Germany,germany - crypto,meuersmorp@t-online.de,491712601016,5337,MIX,0,0,0,No,0
daniel bosch daniel bosch,Germany,germany - crypto,bo87651234@gmail.com,491712771516,2123,MIX,0,0,0,No,0
olivier nachbagauer olivier nachbagauer,Germany,germany - crypto,g2y.code-net-system@nolivier.com,491713832003,2989,MIX,0,0,0,No,0
apach rusóner erich erich russner erich,Germany,germany - crypto,eleo|ro-r}ssner@t-online.de,491716027640,4169,MIX,0,0,0,No,0
marcus krause na marcus krause na,Germany,germany - crypto,krausemarcus@t-online.de,491716202196,3812,MIX,0,0,0,No,0
horst strobl horst strobl,Germany,germany - crypto,hostrobl@gmail.com,491716410597,2850,MIX,0,0,0,No,0
zimmek constantin zimmek constantin,Germany,germany - crypto,constantin.z@hotmail.de,491716588248,2797,MIX,0,0,0,No,0
klaus kuhn klaus kuhn,Germany,germany - crypto,klaus26.kk@gmail.com,491717345581,2744,MIX,0,0,0,No,0
jef pel jef pel,Germany,germany - crypto,jeffreypelt@yahoo.de,491717702549,3854,MIX,0,0,0,No,0
sigisfert polzer sigisbert polzer,Germany,germany - crypto,gqbriele.pnlzer@t-online.de,491717739597,5312,MIX,0,0,0,No,0
dragos nichifor dragos nichifor,Germany,germany - crypto,d.nichifor@yahoo.com,491718154396,3917,MIX,0,0,0,No,0
michael katruff michael katruff,Germany,germany - crypto,michi.schalke@hotmail.de,491719159446,5082,MIX,0,0,0,No,0
knauf ewald knauf ewále,Germany,germany - crypto,ewaknauf@yahooncom,491719942805,3236,MIX,0,0,0,No,0
achim sagehorn achim,Germany,germany - crypto,bahiahonda@web.de,491721557803,2794,MIX,0,0,0,No,0
sylvia simmerock sylvia simmerock,Germany,germany - crypto,grosspudel0303@gmail.com,491721667851,2580,MIX,0,0,0,No,0
klaws ungemach klaus ungemach,Germany,germany - crypto,klaus.ung%mach@wåb.de,491722554201,1905,MIX,0,0,0,No,0
hartmut hellwig hartmut hellwig,Germany,germany - crypto,hartmuthellwiggad@gmail.com,491723522367,2559,MIX,0,0,0,No,0
kammin dietmar kammin dietmar,Germany,germany - crypto,kaminstudio-bornstedt@gmx.de,491723828106,3996,MIX,0,0,0,No,0
heinz kohnen heinz kohnen,Germany,germany - crypto,kohnenheinz@t-online.de,491723991739,1813,MIX,0,0,0,No,0
schwarz karsten schwarz karsten,Germany,germany - crypto,info@kasch-vertrieb.de,491724141511,5440,MIX,0,0,0,No,0
marco stadie marco stadie,Germany,germany - crypto,marco.stadie@gmx.de,491724235511,3959,MIX,0,0,0,No,0
zimmermann marc zimmermann marc,Germany,germany - crypto,marc_zimmermann84@gmx.de,491724284215,3411,MIX,0,0,0,No,0
jan dordel jan dordel,Germany,germany - crypto,jandordel@web.de,491724554476,5065,MIX,0,0,0,No,0
klaus glaser klaus glaser,Germany,germany - crypto,klausglaser@yahoo.de,491724687463,4790,MIX,0,0,0,No,0
harnisch izabela harnisch izabela,Germany,germany - crypto,izabelaharnisch@yahoo.com,491724869748,4563,MIX,0,0,0,No,0
thomas meyer thomas meyer,Germany,germany - crypto,thmeyer234@t-online.de,491725149077,1695,MIX,0,0,0,No,0
hartwig udo hartwig udo,Germany,germany - crypto,udo.ha@hotmail.de,491725883094,5072,MIX,0,0,0,No,0
christian k¼hnel christian,Germany,germany - crypto,c.kuehnel19688@gmx.de,491726113745,5197,MIX,0,0,0,No,0
ralph schaefer ralph schaefer,Germany,germany - crypto,ralph@ueberseebrand.de,491726690132,3347,MIX,0,0,0,No,0
leschek burckhard leschek burckhard,Germany,germany - crypto,burckhardl@aol.com,491726801741,2185,MIX,0,0,0,No,0
klaus comtesse klaus comtesse,Germany,germany - crypto,klauscomtesse@hotmail.com,491726814732,2135,MIX,0,0,0,No,0
stbobel joleeR strobel holger,Germany,germany - crypto,holstrobel@hotmail.com,491727633028,3767,MIX,0,0,0,No,0
jorg pia jorg pia,Germany,germany - crypto,Piajoerg@web.de,491727698401,4165,MIX,0,0,0,No,0
uwe frank zech uwe frank zech,Germany,germany - crypto,zechlein@googlemail.com,491728127593,5440,MIX,0,0,0,No,0
steven grunwald steven grunwald,Germany,germany - crypto,steven-bermbach@web.de,491728130734,2499,MIX,0,0,0,No,0
franke henry franke henry,Germany,germany - crypto,henry-franke@web.de,491728218565,5057,MIX,0,0,0,No,0
kroebl thomas kroebl thomas,Germany,germany - crypto,thomaskroebl@t-online.de,491729702644,2154,MIX,0,0,0,No,0
lara vincze lara vincze,Germany,germany - crypto,larvincze@gmail.com,491733811251,1854,MIX,0,0,0,No,0
stefan str bel stef!n str bel,Germany,germany - crypto,steve.`ussi@{ahmo.com,491733846842,2938,MIX,0,0,0,No,0
manfred heide manfred heide,Germany,germany - crypto,manfredheide@t-online.de,491734021976,5338,MIX,0,0,0,No,0
enrico wolf enrico wolf,Germany,germany - crypto,enni2311@gmx.de,491734508118,2905,MIX,0,0,0,No,0
ute habl ute habl,Germany,germany - crypto,uweber-habl@t-online.de,491734754219,5386,MIX,0,0,0,No,0
lauter`ach waltraud lauterb!ch waltraud,Germany,germany - crypto,sn-energiebe2atunc@gmx.då,491735635347,5408,MIX,0,0,0,No,0
wilfried paar wilfried paar,Germany,germany - crypto,wilfried.paar@gmx.de,491736767417,2950,MIX,0,0,0,No,0
ebele saint martin ebele saint martin,Germany,germany - crypto,stmartinking@live.fr,491736834855,2790,MIX,0,0,0,No,0
biedermann izabela biedermann izabela,Germany,germany - crypto,izabela.biedermann@web.de,491737410828,2412,MIX,0,0,0,No,0
milun marinkovic milun marinkovic,Germany,germany - crypto,milun.marinkovic@t-online.de,491737702500,4913,MIX,0,0,0,No,0
theil sofia theil sofia,Germany,germany - crypto,theilsofia4@gmail.com,491738073776,4169,MIX,0,0,0,No,0
judith lange judith lange,Germany,germany - crypto,tweety8@gmx.net,491738537798,5024,MIX,0,0,0,No,0
jurij jachontov jurij jachontov,Germany,germany - crypto,jachontov@alltimes-allbusiness.com,491739407405,5154,MIX,0,0,0,No,0
cacea andrei cacea andrei,Germany,germany - crypto,ancacea@gmail.com,491739415443,2201,MIX,0,0,0,No,0
andre schlicht andre schlicht,Germany,germany - crypto,anschlicht@yahoo.com,491739719868,2578,MIX,0,0,0,No,0
andre zander andre zander,Germany,germany - crypto,andrezander25@t-online.de,491739797450,3112,MIX,0,0,0,No,0
joachim hensel joachim hensel,Germany,germany - crypto,hensel.dackenheim@t-online.de,491741004314,3843,MIX,0,0,0,No,0
michael binder michael binder,Germany,germany - crypto,michaelbinder1@gmx.net,491741898033,1801,MIX,0,0,0,No,0
haceriye dilsiz haceriye,Germany,germany - crypto,h-dilsiz@outlook.com,491742413824,5272,MIX,0,0,0,No,0
maziashvili eliso maziashvili eliso,Germany,germany - crypto,elimaziashvili@yahoo.com,491742643241,2159,MIX,0,0,0,No,0
inna su inna su,Germany,germany - crypto,vvoffrossi@hotmail.de,491743170556,4967,MIX,0,0,0,No,0
heinrich sonntag heinrich sonntag,Germany,germany - crypto,heinrichsonntag@gmx.de,491743226150,2519,MIX,0,0,0,No,0
jolanta faude jolanta faude,Germany,germany - crypto,jolafaude@arcor.de,491743238513,4132,MIX,0,0,0,No,0
reinhard schemenz reinhard schemenz,Germany,germany - crypto,schimanski5757@web.de,491744834548,3491,MIX,0,0,0,No,0
schelechow wladimib s#hel%chow wladimir,Germany,germany - crypto,schel@g-x.net,491745485129,5251,MIX,0,0,0,No,0
kavolis igoris kavolis igoris,Germany,germany - crypto,igkavolis@hotmail.com,491746387710,2028,MIX,0,0,0,No,0
burba klaus burba klaus,Germany,germany - crypto,klausburba@freenet.de,491746783189,3890,MIX,0,0,0,No,0
nguyen huu thanh nguyen huu thanh,Germany,germany - crypto,huu.thanh@t-online.de,491747373747,4049,MIX,0,0,0,No,0
nikolaj harcenko nikolaj harcenko,Germany,germany - crypto,niharcenko@yahoo.com,491748146936,3665,MIX,0,0,0,No,0
alexander raschke alexander raschke,Germany,germany - crypto,alexander-raschke@freenet.de,491749122683,2070,MIX,0,0,0,No,0
bu`r christine buhr cèristinm,Germany,germany - crypto,jb2001@`rcor*de,491749774977,4245,MIX,0,0,0,No,0
alam md imtiajul alam md imtiajul,Germany,germany - crypto,imtiajulalam@yahoo.com,491749817791,2721,MIX,0,0,0,No,0
dennis krumm dennis krumm,Germany,germany - crypto,rontrix.transporte@gmail.com,491751558946,2634,MIX,0,0,0,No,0
vojcsik reka vojcsik reka,Germany,germany - crypto,rekavojcsik@gmail.com,491751560083,2291,MIX,0,0,0,No,0
blum thorsten blum thorsten,Germany,germany - crypto,thorsten1@online.de,491751753005,2462,MIX,0,0,0,No,0
ritter wolfgang ritter wolfgang,Germany,germany - crypto,ritterroth@gmx.de,491753848525,3992,MIX,0,0,0,No,0
vkr dennis vkr dennis,Germany,germany - crypto,vormweg93@gmail.com,491754249980,3877,MIX,0,0,0,No,0
krzykawiak czeslaw krzykawiak czeslaw,Germany,germany - crypto,krzykawiakczeslaw@gmail.com,491755188265,4702,MIX,0,0,0,No,0
hosgoeref îurteo hosgoeren!nõrten,Germany,germany - crypto,n.howgoereo@web.de,491758251582,4191,MIX,0,0,0,No,0
schulz sergej schulz sergej,Germany,germany - crypto,prefetrans@hotmail.com,491759703781,2641,MIX,0,0,0,No,0
weinert petra weinert petra,Germany,germany - crypto,petra.weinert@gmail.com,491771869955,3584,MIX,0,0,0,No,0
kai moser kai moser,Germany,germany - crypto,kaimoser1411@gmail.com,491772982289,1965,MIX,0,0,0,No,0
knaus eugen knaus eugen,Germany,germany - crypto,euknaus@hotmail.com,491773304770,3210,MIX,0,0,0,No,0
henning rackow henning rackow,Germany,germany - crypto,h.rackow@gmx.de,491774137123,4085,MIX,0,0,0,No,0
andr%as olberS andreaS olbers,Germany,germany - crypto,aîolbers@gmail.com,491774694186,4919,MIX,0,0,0,No,0
andre probst andre probst,Germany,germany - crypto,vincentbuhr68@gmail.com,491775044634,4964,MIX,0,0,0,No,0
dirk diener dirk diener,Germany,germany - crypto,dirk.diener2809@yahoo.de,491775976657,4053,MIX,0,0,0,No,0
wenzel jacqueline wenzel jacqueline,Germany,germany - crypto,jacquelinewenzel@gmx.de,491778055944,2034,MIX,0,0,0,No,0
gravert snke gravert,Germany,germany - crypto,soenke.gravert@web.de,491781395488,2186,MIX,0,0,0,No,0
neumann bernd neumann bernd,Germany,germany - crypto,b.neumann.1964@web.de,491782129112,2441,MIX,0,0,0,No,0
bozo mohamad bozo mohamad,Germany,germany - crypto,mohamad.bozo.1996@gmail.com,491785454849,2750,MIX,0,0,0,No,0
stefan franz christ stefan,Germany,germany - crypto,christ_stefan@web.de,491785461096,3472,MIX,0,0,0,No,0
hans-peter lahn hans-peter lahn,Germany,germany - crypto,hans-pe.lahn@web.de,491786688491,2075,MIX,0,0,0,No,0
ilja klatt ilja klatt,Germany,germany - crypto,ilja.klatt@web.de,491791420100,4705,MIX,0,0,0,No,0
dirk mueller dirk mueller,Germany,germany - crypto,dirk.mueller.brb@gmx.de,491792328544,5002,MIX,0,0,0,No,0
hans schmid hans schmid,Germany,germany - crypto,amecum@gmx.de,491793451124,2541,MIX,0,0,0,No,0
simon golke simon golke,Germany,germany - crypto,simon-golke@web.de,491794384358,5147,MIX,0,0,0,No,0
stawitzki diana stawitzki diana,Germany,germany - crypto,diana_stawitzki@gmx.de,491794412850,4675,MIX,0,0,0,No,0
udo biel udo biel,Germany,germany - crypto,urbie@ymail.com,491795093291,5374,MIX,0,0,0,No,0
hans werner philipp hans werner philipp,Germany,germany - crypto,wernzzn@yahoo.de,491797898005,5310,MIX,0,0,0,No,0
steenbreker kurt steenbreker kurt,Germany,germany - crypto,auksteeni@arcor.de,492117480532,2787,MIX,0,0,0,No,0
uellenberg dieter uellenberg dieter,Germany,germany - crypto,uelli@t-online.de,492214856079,3922,MIX,0,0,0,No,0
schneider daniel schneider daniel,Germany,germany - crypto,schneiderd@gmx.net,493051733855,4878,MIX,0,0,0,No,0
maUrer hild% mauper hilde,Germany,germany - crypto,hildeelisaâeth@yahoo.de,493077916397,3499,MIX,0,0,0,No,0
singh vijay singh vijay,Germany,germany - crypto,vijaysingh64@yahoo.com,493214564646,1847,MIX,0,0,0,No,0
eveline brakop eveline brakop,Germany,germany - crypto,brakop@gmx.de,493309450890,5162,MIX,0,0,0,No,0
radke kurt  radke kurt ,Germany,germany - crypto,kurtradke@t-online.de,493372443050,5241,MIX,0,0,0,No,0
junghanns marion junghanns marion,Germany,germany - crypto,wuije75@gmail.com,493419117252,2969,MIX,0,0,0,No,0
roland walther roland walther,Germany,germany - crypto,rolandwalther4@gmail.com,493433853493,2202,MIX,0,0,0,No,0
kati brandt kati brandt,Germany,germany - crypto,katbrandt@gmail.com,493442599779,4702,MIX,0,0,0,No,0
karl wenske karl wenske,Germany,germany - crypto,carolus@web.de,493460122726,3063,MIX,0,0,0,No,0
betina buettner betina buettner,Germany,germany - crypto,n-bue@t-online.de,493497638009,2457,MIX,0,0,0,No,0
monika georgi monika georgi,Germany,germany - crypto,georgimoni@online.de,493501761075,2771,MIX,0,0,0,No,0
gabriale merz gabriele merz-germany,Germany,germany - crypto,NO@EMAIL.com,493595132405,3918,MIX,0,0,0,No,0
volker m!gerkohl volker magerkohl,Germany,germany - crypto,vol+erOagebkohl@aol.com,493725351715,2325,MIX,0,0,0,No,0
werena hahn werena hahn,Germany,germany - crypto,werenahahn@gmx.de,493833271791,5234,MIX,0,0,0,No,0
astrid fernitz astrid fernitz,Germany,germany - crypto,astrid.fernitz@gmx.de,493944350668,1892,MIX,0,0,0,No,0
kruse heike kruse heike,Germany,germany - crypto,hekruse@hotmail.com,494216250980,3675,MIX,0,0,0,No,0
marc oliver dittmer marc oliver dittmer,Germany,germany - crypto,marc.dittmer1@ewe.net,494221658353,4187,MIX,0,0,0,No,0
elke buelau elke buelau,Germany,germany - crypto,rayo04249@arcor.de,494249961150,2859,MIX,0,0,0,No,0
chvykova olga chvykova olga,Germany,germany - crypto,olgchv@gmail.com,494553450787,5033,MIX,0,0,0,No,0
schramm bertold schramm bertold,Germany,germany - crypto,bertoldschramm@t-online.de,494619787720,4958,MIX,0,0,0,No,0
sebastian freese sebastian freese,Germany,germany - crypto,sebastianfreese@gmx.de,494864271989,3808,MIX,0,0,0,No,0
gotte wilhelm gotte wilhelm,Germany,germany - crypto,info@goette.com,494963140018,4252,MIX,0,0,0,No,0
rolf ruddat rolf ruddat,Germany,germany - crypto,rolfruddat@gmail.com,495113509016,4993,MIX,0,0,0,No,0
litfin holgeR litfin holger,Germany,germany - crypto,hlgerlitfhn@gmø.de,495162904990,5357,MIX,0,0,0,No,0
bekemeier heinz bekemeier heinz,Germany,germany - crypto,heinz.bekemeier@web.de,495718892348,3689,MIX,0,0,0,No,0
angelika seibel angelika seibel,Germany,germany - crypto,angelika.seibel@t-online.de,496213392317,2010,MIX,0,0,0,No,0
ingeborg seipel ingeborg seipel,Germany,germany - crypto,inge.manfred.seipel@web.de,497131402891,3961,MIX,0,0,0,No,0
stefan jã¼nk stefan jã¼nk,Germany,germany - crypto,gasthaus_adler-leinzell@t-online.de,497175909265,2190,MIX,0,0,0,No,0
luckner dirk luckner dirk,Germany,germany - crypto,d-luckner@online.de,497251304007,4177,MIX,0,0,0,No,0
bogen stephan bogen stephan,Germany,germany - crypto,info@dailydo.de,497433385683,3415,MIX,0,0,0,No,0
karin anhalt karin anhalt,Germany,germany - crypto,karin-anhalt@freenet.de,497512959783,2367,MIX,0,0,0,No,0
jurgen martin jurgen martin,Germany,germany - crypto,juergenmartinkn@gmail.com,497533934116,2549,MIX,0,0,0,No,0
erdogan sevqnc yrdogan sgvifc,Germany,germany - crypto,NO@EMAIL.com,497673127944,4834,MIX,0,0,0,No,0
birk gerlinde birk gerlinde,Germany,germany - crypto,birkgerlinde16@gmail.com,497720813439,3451,MIX,0,0,0,No,0
hegall vollert hegall vollert,Germany,germany - crypto,hegall.vollert@gmail.com,497732258420,2484,MIX,0,0,0,No,0
marion maack marion marion maack marion,Germany,germany - crypto,m-maack@gmx.net,498963837805,2156,MIX,0,0,0,No,0
hetsch stefan hetsch stefan,Germany,germany - crypto,s.hetsch@kanzlei-hetsch.de,498999829280,4886,MIX,0,0,0,No,0
robert kufner robert kufner,Germany,germany - crypto,robert.kufner@freenet.de,499912708542,3865,MIX,0,0,0,No,0
zhiog yan zhang yan,Germany,germany - crypto,yni66@fmx.de,4901608726326,5362,MIX,0,0,0,No,0
jens marzinkowski jens marzinkowski,Germany,germany - crypto,jm@meinefensterwelt.de,4901714260204,4418,MIX,0,0,0,No,0
g nter lochner g nter lochner,Germany,germany - crypto,lochner.gunter@gmail.com,4901724171751,3772,MIX,0,0,0,No,0
saturnus dietmar saturnus dietmar,Germany,germany - crypto,dietmar@saturnus.at,4901797623402,4876,MIX,0,0,0,No,0
nikolai kostin ni{olai kostin,Germany,germany - crypto,nyjolai.kostin@t-onmine.de,4902684959132,3372,MIX,0,0,0,No,0
wolfgang bensmann wolfgang bensmann,Germany,germany - crypto,lupus1949@yahoo.de,4903053068154,3344,MIX,0,0,0,No,0
henkel michael,Germany,germany - crypto,michael@henkel2000.de,4915111630923,5386,MIX,0,0,0,No,0
ricm heuer rico (euer,Germany,germany - crypto,raco.heuer1@gmiil.com,4915112044015,4946,MIX,0,0,0,No,0
uwe k hling uwe k hling,Germany,germany - crypto,u.kuehling@t-online.de,4915112531456,1969,MIX,0,0,0,No,0
hiemer(bhristine liemmr christane,Germany,germany - crypto,ch_hiemer@web.de,4915112555360,4028,MIX,0,0,0,No,0
emmel frank emmel frank,Germany,germany - crypto,frank-emmel@t-online.dd,4915115223778,5274,MIX,0,0,0,No,0
iskra grzegorz iskra grzegorz,Germany,germany - crypto,grzegorz.iskra@gmx.de,4915115615643,2565,MIX,0,0,0,No,0
uwe franz uwe franz,Germany,germany - crypto,uwe.franz@mail.de,4915116177427,4308,MIX,0,0,0,No,0
hill horst(hill hoRst,Germany,germany - crypto,hïrst-epper@t-online.de,4915121859641,4687,MIX,0,0,0,No,0
viola gratz viola gratz,Germany,germany - crypto,viola-gratz@t-online.de,4915122243469,3779,MIX,0,0,0,No,0
gaby faehndrich gaby faehndrich,Germany,germany - crypto,g-g-f@gmx.de,4915122640927,2461,MIX,0,0,0,No,0
dirk walprecht dirk,Germany,germany - crypto,crazy70@web.de,4915125256025,5057,MIX,0,0,0,No,0
siegmar fetting siegmar fetting,Germany,germany - crypto,s.fetting@alice.de1,4915127405032,3693,MIX,0,0,0,No,0
hassam imran hassam imran,Germany,germany - crypto,hassami@hotmail.de,4915143167910,4218,MIX,0,0,0,No,0
dietarhaas dietEr haas,Germany,germany - crypto,5460º.dieter@gmail.com,4915143254490,4666,MIX,0,0,0,No,0
angelika schretter angelika schretter,Germany,germany - crypto,kizzkunst@gmail.com,4915145130015,2893,MIX,0,0,0,No,0
alsoltan omar alsoltan omar,Germany,germany - crypto,omaralsoltan52@yahoo.com,4915147637329,4225,MIX,0,0,0,No,0
marco dorner marco dorner,Germany,germany - crypto,marcodorner@web.de,4915152501771,4747,MIX,0,0,0,No,0
henrique scheffer henrique,Germany,germany - crypto,henrique.scheffer@stihl.de,4915152669005,3689,MIX,0,0,0,No,0
anton er wolAnski a.ton dr wlanski,Germany,germany - crypto,!solansKi@arcor®de,4915152852385,3854,MIX,0,0,0,No,0
amend katharina,Germany,germany - crypto,datroxy@yahoo.de,4915154681965,3042,MIX,0,0,0,No,0
3adran spelanai sadran spElanai,Germany,germany - crypto,mimi-jan@hotíail.de,4915154960673,3725,MIX,0,0,0,No,0
andreas eberhardt andreas eberhardt,Germany,germany - crypto,andiebi13@web.de,4915159940872,1641,MIX,0,0,0,No,0
sauk hartmut sauk hartmut,Germany,germany - crypto,heidefuxx@live.de,4915161227422,2280,MIX,0,0,0,No,0
rosshirt lucian rosshirt lucian,Germany,germany - crypto,lucianboehm@yahoo.de,4915161868036,2507,MIX,0,0,0,No,0
szulc arek szulc arek,Germany,germany - crypto,szulcarek@gmail.com,4915166326255,5395,MIX,0,0,0,No,0
pasquale orsogna pasquale orsogna,Germany,germany - crypto,orsognapasquale9@gmail.com,4915166438910,4658,MIX,0,0,0,No,0
darius schmitz darius schmitz,Germany,germany - crypto,darek_stop@wp.pl,4915171506890,2369,MIX,0,0,0,No,0
carmelo pirruccio carmelo pirruccio,Germany,germany - crypto,pirrucciomelo@gmail.com,4915171968169,3679,MIX,0,0,0,No,0
oru thompson oru thompson,Germany,germany - crypto,ekpo@hotmail.com,4915202143297,5375,MIX,0,0,0,No,0
stengel wolfgang stengel wolfgang,Germany,germany - crypto,w.st.demmin@freenet.de,4915203907652,4987,MIX,0,0,0,No,0
hans-jorg weissj hans-jorg weissj,Germany,germany - crypto,weissj43@gmx.de,4915204338707,3594,MIX,0,0,0,No,0
rolf segula rolf segula,Germany,germany - crypto,rsegula12@aol.com,4915204592403,3855,MIX,0,0,0,No,0
matloka ryszard matloka ryszard,Germany,germany - crypto,ryszard.m@web.de,4915208693423,3065,MIX,0,0,0,No,0
georg zankl georg zankl,Germany,germany - crypto,georg.zankl@online.de,4915208782648,4549,MIX,0,0,0,No,0
helga neigert helga,Germany,germany - crypto,helga.neigert@nord-com.net,4915208893577,3396,MIX,0,0,0,No,0
akram talbi akram talbi,Germany,germany - crypto,sa3oudi29@hotmail.fr,4915213056518,2339,MIX,0,0,0,No,0
brauns marko brauns marko,Germany,germany - crypto,braunsmarco@gmail.com,4915214790010,4787,MIX,0,0,0,No,0
ahmadzai khalid ahmadzai khalid,Germany,germany - crypto,khalidhahmadzai@gmail.com,4915215411998,2386,MIX,0,0,0,No,0
olaru ioniulian olaru ioniulian,Germany,germany - crypto,iulianolaru.1986@gmail.com,4915217544426,4350,MIX,0,0,0,No,0
mburu caroline mburu caroline,Germany,germany - crypto,cmburu51@gmail.com,4915218007598,3431,MIX,0,0,0,No,0
frank wolter frank wolter,Germany,germany - crypto,f.wolter1@gmx.de,4915223141108,2794,MIX,0,0,0,No,0
alkhamees mohammad alkhamees mohammad,Germany,germany - crypto,bandwa-r@hotmail.com,4915223759601,1715,MIX,0,0,0,No,0
abazi agnes abazi agnes,Germany,germany - crypto,agiabazi@yahoo.de,4915226563486,3676,MIX,0,0,0,No,0
berg joachim berg joachim,Germany,germany - crypto,fundgrube.berg@googlemil.com,4915227563129,2447,MIX,0,0,0,No,0
duedder karin duedder karin,Germany,germany - crypto,karin@duedders.de,4915229223697,2819,MIX,0,0,0,No,0
guenter lang guenter lang,Germany,germany - crypto,guenter.lang@swisslife-select.de,4915231082304,3018,MIX,0,0,0,No,0
nikolai bauer nikolai bauer,Germany,germany - crypto,nikolai-bauer@rambler.ru,4915231884724,5095,MIX,0,0,0,No,0
hekko messerschmidt heiko messerschmidt,Germany,germany - crypto,bvb09gfv90@glx.de,4915233552745,1846,MIX,0,0,0,No,0
amakran mimoun amakran mimoun,Germany,germany - crypto,mimoun-amakran@t-online.de,4915233671386,2438,MIX,0,0,0,No,0
rene strohkorb rene strohkorb,Germany,germany - crypto,renestrohkorb@yahoo.com,4915233846753,3971,MIX,0,0,0,No,0
marquardt frank marquardt frank,Germany,germany - crypto,marquardt-fr@t-online.de,4915233961600,3930,MIX,0,0,0,No,0
jens marquardt jens marquardt,Germany,germany - crypto,jens.marina@web.de,4915234390070,3881,MIX,0,0,0,No,0
pletschke riccardo pletschke riccardo,Germany,germany - crypto,riccardopletschke@gmx.de,4915236383362,2597,MIX,0,0,0,No,0
wlodarczyk mariusz wlodarczyk mariusz,Germany,germany - crypto,mariuszwlodarczyk070479@gmail.com,4915236827958,2464,MIX,0,0,0,No,0
bonin heike bonin heike,Germany,germany - crypto,malefica28@gmx.de,4915238775245,1781,MIX,0,0,0,No,0
weber mike weber mike,Germany,germany - crypto,strippimail@gmail.com,4915252487481,3006,MIX,0,0,0,No,0
gino thiede gino thiede,Germany,germany - crypto,gino.thiede@t-online.de,4915253396191,2344,MIX,0,0,0,No,0
kaletka arnold kaletka arnold,Germany,germany - crypto,info@kaletka.name,4915253533754,3212,MIX,0,0,0,No,0
gerhard kuehl gerhard kuehl,Germany,germany - crypto,gerhardkuehl@gmx.de,4915253742106,4358,MIX,0,0,0,No,0
sylvia zura sylvia zura,Germany,germany - crypto,sylviazura@web.de,4915253831403,4868,MIX,0,0,0,No,0
michael rutter michael,Germany,germany - crypto,michulske74@web.de,4915255337854,4029,MIX,0,0,0,No,0
roman prã¶ller roman prã¶ller,Germany,germany - crypto,romanproller@gmail.com,4915255384516,4191,MIX,0,0,0,No,0
nickoles alycia nickoles alycia,Germany,germany - crypto,rnickoles7@gmail.com,4915256107703,3226,MIX,0,0,0,No,0
arnd schuster arnd schuster,Germany,germany - crypto,primig2000@yahoo.de,4915256234525,2904,MIX,0,0,0,No,0
christoph thoene christoph thoene,Germany,germany - crypto,christophthoene@hotmail.de,4915256299790,4551,MIX,0,0,0,No,0
wehlert steffen wehlert steffen,Germany,germany - crypto,wehlertsteffen@googlemail.com,4915256532857,2691,MIX,0,0,0,No,0
artur sommer na artur sommer na,Germany,germany - crypto,arturo68@interia.pl,4915257337935,2871,MIX,0,0,0,No,0
martina mann eartina mann,Germany,germany - crypto,martinamichslskI43@gmail.c'n,4915258883802,3400,MIX,0,0,0,No,0
mahnke madeleine mahnke madeleine,Germany,germany - crypto,madeleinemahnke@gmx.de,4915259075381,3730,MIX,0,0,0,No,0
qasem panahi qasem panahi,Germany,germany - crypto,qasem.panahi@yahoo.com,4915259184985,2215,MIX,0,0,0,No,0
sonja pohl sonja pohl,Germany,germany - crypto,sun.81@mail.de,4915731001865,2014,MIX,0,0,0,No,0
alexander tissen alexander tissen,Germany,germany - crypto,alex.tissen6@gmail.com,4915732262717,2912,MIX,0,0,0,No,0
armbruster uli armbruster uli,Germany,germany - crypto,uaaussandero@arcor.de,4915732742722,4992,MIX,0,0,0,No,0
stoyanov stoyan stoyanov stoyan,Germany,germany - crypto,mup_1@abv.bg,4915733551303,1708,MIX,0,0,0,No,0
ziegler erika ziegler erika,Germany,germany - crypto,erika.ziegler.1957@gmail.com,4915750170988,2277,MIX,0,0,0,No,0
dallago manõel dalmcgï lanuel,Germany,germany - crypto,manuelrkIllslp@gmail.com,4915753205074,3977,MIX,0,0,0,No,0
lars worrmann lars worrmann,Germany,germany - crypto,wlars4321@gmail.com,4915753468940,3521,MIX,0,0,0,No,0
vaccaro  gaetano vaccaro  gaetano,Germany,germany - crypto,gaetanomd@aol.com,4915755185916,4945,MIX,0,0,0,No,0
nadine kloiber nadine kloiber,Germany,germany - crypto,n.kloiber@gmx.de,4915755898163,5335,MIX,0,0,0,No,0
kazzaz khuder kazzaz khuder,Germany,germany - crypto,salmanice185@gmail.com,4915756086075,2046,MIX,0,0,0,No,0
thomas gara thomAs gAra,Germany,germany - crypto,thomasagara@gmail&com,4915756431787,4802,MIX,0,0,0,No,0
baòbaòa mueller barbarA mueller,Germany,germany - crypto,2rimaöepa_kgeln@gíx.de,4915758721069,3046,MIX,0,0,0,No,0
norbert kruscHE norbevt krusche,Germany,germany - crypto,norb%0tkruscheEeb.de,4915772926503,5068,MIX,0,0,0,No,0
surdziel jakub surdziel jakub,Germany,germany - crypto,surdzieljakub@gmail.com,4915773608355,3784,MIX,0,0,0,No,0
mario grosser mario grosser,Germany,germany - crypto,online@grossers.de,4915775800400,1699,MIX,0,0,0,No,0
zehra fazal zehra fazal,Germany,germany - crypto,zehrafazalrieken60@gmail.com,4915779346328,1743,MIX,0,0,0,No,0
armando mingolla armando mingolla,Germany,germany - crypto,amingolla@arcor.de,4915780970710,2549,MIX,0,0,0,No,0
nakarani s!gar nakárani sagar,Germany,germany - crypto,svnsystem11q@gmail.com,4915787519242,5062,MIX,0,0,0,No,0
singer nadine singer nadine,Germany,germany - crypto,nadinesinger5@gmail.com,4915789256925,5309,MIX,0,0,0,No,0
isi susanne isi susanne,Germany,germany - crypto,s_isensee@yahoo.com,4915901035041,2981,MIX,0,0,0,No,0
ort alex ort alex,Germany,germany - crypto,parus1608@googlemail.com,4915902158022,2773,MIX,0,0,0,No,0
matzner michael matzner michael,Germany,germany - crypto,michim20@gmx.de,4915902795814,4193,MIX,0,0,0,No,0
pett alexander,Germany,germany - crypto,alex.pett@outlook.de,4915906132296,5093,MIX,0,0,0,No,0
som annick som annick,Germany,germany - crypto,som_zambou@yahoo.fr,4916093767928,3068,MIX,0,0,0,No,0
tanja rosch tanja rosch,Germany,germany - crypto,tanja.roesch@yahoo.de,4916097229180,2974,MIX,0,0,0,No,0
benjamin wilkes benjamin wilkes,Germany,germany - crypto,benjamin.wilkes@googlemail.com,4916097388720,2970,MIX,0,0,0,No,0
maurice wroblewski maurice wroblewski,Germany,germany - crypto,morris.wroblewski@googlemail.com,4916097398947,3908,MIX,0,0,0,No,0
michael berg michael berg,Germany,germany - crypto,info@01111.de,4916097698283,5257,MIX,0,0,0,No,0
witherspoon tanner,Germany,germany - crypto,tanner.witherspoon@gmail.com,4916099649662,4616,MIX,0,0,0,No,0
schaeffler juergen schaeffler juergen,Germany,germany - crypto,j.schaeffler77@gmx.de,4917610336481,4856,MIX,0,0,0,No,0
boeckel ralph boeckel ralph,Germany,germany - crypto,r-boeckel@t-online.de,4917622177373,3876,MIX,0,0,0,No,0
witt sybille witt sybille,Germany,germany - crypto,sybillewitt@hotmail.de,4917624679415,4681,MIX,0,0,0,No,0
ahristina clausen christi|a clausen,Germany,germany - crypto,ch_cdausen@gmx.de,4917624949581,5233,MIX,0,0,0,No,0
soysal levent soysal levent,Germany,germany - crypto,levent.soysal@web.de,4917625528343,4387,MIX,0,0,0,No,0
andreas schmidt andreas schmidt,Germany,germany - crypto,a.schmidt5@gmx.de,4917626986349,3178,MIX,0,0,0,No,0
hassan yekini hassan yekini,Germany,germany - crypto,hyekini11@gmail.com,4917627706112,4958,MIX,0,0,0,No,0
carla buschmann carla buschmann,Germany,germany - crypto,ranchmail5@gmail.com,4917627797118,3184,MIX,0,0,0,No,0
avsar leyla avsar leyla,Germany,germany - crypto,leyla_087@hotmail.de,4917630423886,2536,MIX,0,0,0,No,0
heinz-georg winter heinz-georg winter,Germany,germany - crypto,heinz-georg.winter@gmx.de,4917630452095,2806,MIX,0,0,0,No,0
kumar haril kumar haril,Germany,germany - crypto,harilkumar@yahoo.com,4917630566046,1865,MIX,0,0,0,No,0
salowa camara salowa camara,Germany,germany - crypto,alice.ramazou@icloud.com,4917631092107,5186,MIX,0,0,0,No,0
koch dorothea koch dorothea,Germany,germany - crypto,dorlekoch@googlemail.com,4917632274415,3853,MIX,0,0,0,No,0
fabio moermann fabio moermann,Germany,germany - crypto,fabio.moermann@web.de,4917635231258,3954,MIX,0,0,0,No,0
horst kunath horst kunath,Germany,germany - crypto,drkunath@aol.com,4917640575688,3681,MIX,0,0,0,No,0
thea furklardt thea burkhardt,Germany,germany - crypto,gunther.burkhqrdt1@g-xnde,4917643755453,3278,MIX,0,0,0,No,0
florian popa florian popa,Germany,germany - crypto,fc_claudiu@yahoo.com,4917645556710,4038,MIX,0,0,0,No,0
schierlein sascha schierlein sascha,Germany,germany - crypto,saschaschierlein@mail.de,4917646098708,4841,MIX,0,0,0,No,0
schãƒæ’ã‚â¤fer anna schãƒæ’ã‚â¤fer anna,Germany,germany - crypto,philomena93schaefer@gmail.com,4917647367036,5176,MIX,0,0,0,No,0
rasoulpour vahid rasoulpour vahid,Germany,germany - crypto,wahidrasulpur@gmail.com,4917647649670,3380,MIX,0,0,0,No,0
karlheinz neumann karlheinz,Germany,germany - crypto,agatarius@gmail.com,4917648792795,4969,MIX,0,0,0,No,0
neumann karlheinz neumann karlheinz,Germany,germany - crypto,dobrainetmarket@gmail.com,4917648792795,2924,MIX,0,0,0,No,0
dirk taedling dirk taedling,Germany,germany - crypto,taedling@yahoo.de,4917652253911,4981,MIX,0,0,0,No,0
meyer matthias meyer matthias,Germany,germany - crypto,matthiashmeyer@gmail.com,4917661910985,2813,MIX,0,0,0,No,0
sebastian merget sebastian merget,Germany,germany - crypto,sebastian.merget@t-online.de,4917664790963,2033,MIX,0,0,0,No,0
huppertz peter huppertz peter,Germany,germany - crypto,sprayclub@gmx.de,4917666690120,2805,MIX,0,0,0,No,0
schramm ami schramm ami,Germany,germany - crypto,aminatha3@gmail.com,4917680503960,4848,MIX,0,0,0,No,0
ghjk asdf ghjk asdf,Germany,germany - crypto,dinicaleksander@gmail.com,4917680827721,3956,MIX,0,0,0,No,0
joel herrera joel herrera,Germany,germany - crypto,joel.herrera@hotmail.de,4917683178077,4926,MIX,0,0,0,No,0
gillmeister peter gillmeister peter,Germany,germany - crypto,greenstaffer@gmail.com,4917684758995,3323,MIX,0,0,0,No,0
bothe lars bothe lars,Germany,germany - crypto,herbzak@gmx.de,4917687221625,5198,MIX,0,0,0,No,0
bogoslav peitel bogoslav peitel,Germany,germany - crypto,bogi.peitel@gmail.com,4917689169590,3373,MIX,0,0,0,No,0
hans holdenried hans holdenried,Germany,germany - crypto,haho1343@web.de,4917696607800,1620,MIX,0,0,0,No,0
mnch hagen mnch hagen,Germany,germany - crypto,h.m.m.muench@gmx.de,4917696751490,2212,MIX,0,0,0,No,0
melanie schlosser melanie schlosser,Germany,germany - crypto,melanie_schlosser@gmx.de,4917697851389,2597,MIX,0,0,0,No,0
marian tschepte marian t3cheppe,Germany,germany - crypto,mt52@gmx.net,4917699534005,2836,MIX,0,0,0,No,0
felix tucholsky felix tucholsky,Germany,germany - crypto,felix.tucholski@web.de,4919786311301,5284,MIX,0,0,0,No,0
kramberger stanislav kramberger stanislav,Germany,germany - crypto,s.kramberger@web.de,4920398406621,3934,MIX,0,0,0,No,0
udo thode udo thode,Germany,germany - crypto,thode56@t-online.de,4920940531862,3346,MIX,0,0,0,No,0
schroeder dieter schroeder dieter,Germany,germany - crypto,diemaschroeder@t-online.de,4926412070827,2704,MIX,0,0,0,No,0
jp enderli jp enderli,Germany,germany - crypto,jp.acousoul@gmail.com,4927824642410,2016,MIX,0,0,0,No,0
thieme Barbel thieme barbel,Germany,germany - crypto,flieder14@live.De,4933703159427,4856,MIX,0,0,0,No,0
marcel langer marcel,Germany,germany - crypto,langer.marcel@gmx.net,4937360796909,2061,MIX,0,0,0,No,0
poppewilfried poppe poppewilfried poppe,Germany,germany - crypto,wilfriedpoppe@gmx.de,4938736778478,3567,MIX,0,0,0,No,0
horstreimer reimer horstreimer reimer,Germany,germany - crypto,c.h.reimer@web.de,4941846849989,5394,MIX,0,0,0,No,0
frank dietze frank dietze,Germany,germany - crypto,frankdietze07@gmail.com,4947148122530,3037,MIX,0,0,0,No,0
schroeder bernhard schroeder bernhard,Germany,germany - crypto,creative.bs@t-online.de,4949209108783,1775,MIX,0,0,0,No,0
panagiota tsirou panagiota tsirou,Germany,germany - crypto,tryfon@outlook.de,4951159200786,3934,MIX,0,0,0,No,0
steffan andre steffan andre,Germany,germany - crypto,xxvonsteffan49@aol.com,4951306098503,3057,MIX,0,0,0,No,0
holger elixmann holger elixmann,Germany,germany - crypto,elixmannholger@gmail.com,4954018243042,4059,MIX,0,0,0,No,0
gárbrgcht manfred 'arbrecht manfred,Germany,germany - crypto,man'ar@t-online.de,4955311273538,1716,MIX,0,0,0,No,0
konrad mertel konrad mertel,Germany,germany - crypto,konrad-mertel@t-online.de,4960216240474,4073,MIX,0,0,0,No,0
christian schandog christian,Germany,germany - crypto,christian@feine-wuerze.de,4966886750782,4712,MIX,0,0,0,No,0
clexandra dzillack a|exandra d~illaãk,Germany,germany - crypto,}icHael.dzillack@googleíail.cmm,4971388146560,5344,MIX,0,0,0,No,0
udo wollenhaupt udo wollenhaupt,Germany,germany - crypto,udo.wollenhaupt@web.de,4971519446498,3039,MIX,0,0,0,No,0
denis streckel denis streckel,Germany,germany - crypto,d.streckel@web.de,4971618089945,1741,MIX,0,0,0,No,0
odile gabler odile gabler,Germany,germany - crypto,ogabler43@gmail.com,4972138141073,4353,MIX,0,0,0,No,0
thomas haseloff thomas haseloff,Germany,germany - crypto,t.haseloff@gmx.de,4972614070735,1757,MIX,0,0,0,No,0
lothar marschall lothar marschall,Germany,germany - crypto,lotmar@web.de,4973811829029,4061,MIX,0,0,0,No,0
zIppel stefben zippel spiffen,Germany,germany - crypto,s.zippel@die3archite+ten.de,4974516250575,2993,MIX,0,0,0,No,0
