gruber nicole,switzerland,41793927717,nicolegruber90@hotmail.com,4519,stormgain,no,MIX,0,0,0,0
braden norman,switzerland,41795380209,cobrad@hispeed.ch,3932,stormgain,no,MIX,0,0,0,0
boesch andreas,switzerland,41714116070,boesch-andreas@bluewin.ch,7014,edge,no,MIX,0,0,0,0
andesner georg,switzerland,41797317104,georg.andesner@hotmail.com,16237,edge,no,MIX,0,0,0,0
luy alexandre,switzerland,41795368883,alexandre.luy@gmail.com,7913,edge,no,MIX,0,0,0,0
mauro mmealuero,switzerland,41792302620,m.tarquinio@hotmail.com,17153,edge,no,MIX,0,0,0,0
hummel katharina,switzerland,41764835845,info@katharina-hummel.de,17771,stormgain,no,MIX,0,0,0,0
commergnat nicolas,switzerland,41786076727,n.commergnat@gmail.com,5704,edge,no,MIX,0,0,0,0
wiedemeier cyril,switzerland,41766808443,cyrilwiedemeier@gmail.com,10392,stormgain,no,MIX,0,0,0,0
widmer colin,switzerland,41795572924,colin.widmer@hotmail.ch,7929,stormgain,no,MIX,0,0,0,0
wettach thierry,switzerland,41313401146,thierry.wettach@bernexpo.ch,21940,stormgain,no,MIX,0,0,0,0
widmann alfred,switzerland,41792147908,freddywidmann@bluewin.ch,19794,stormgain,no,MIX,0,0,0,0
buchs cyrill,switzerland,41795825467,cyrill.buchs@outlook.com,13632,stormgain,no,MIX,0,0,0,0
vedjijoski bajram,switzerland,41797871963,bajram.vexhiu@gmail.com,7780,stormgain,no,MIX,0,0,0,0
renfer heinz,switzerland,41796321294,heinz.renfer@bluewin.ch,2201,stormgain,no,MIX,0,0,0,0
varela eliseu,switzerland,41797713791,eliseuvarela8@gmail.com,19108,stormgain,no,MIX,0,0,0,0
uzuner akin,switzerland,41763334998,akinuzuner@hotmail.com,3878,stormgain,no,MIX,0,0,0,0
wolf kurt,switzerland,41562825228,wolfkurt@bluewin.ch,10455,stormgain,no,MIX,0,0,0,0
wã¯hrle david,switzerland,41793059736,david.woehrle@bluewin.ch,2524,stormgain,no,MIX,0,0,0,0
yogalingam nithilaruban,switzerland,41793209200,nithi89@hotmail.de,20550,stormgain,no,MIX,0,0,0,0
wiss julia,switzerland,41762388390,yuliya.wis@hotmail.com,12803,stormgain,no,MIX,0,0,0,0
wyss daniela,switzerland,41795121958,daniela.wyss@uzh.ch,15701,stormgain,no,MIX,0,0,0,0
yilmaz baturay,switzerland,41764206507,baturay.y36@gmail.com,8816,stormgain,no,MIX,0,0,0,0
zanecchia armando,switzerland,41764974482,zanear@gmail.com,6301,stormgain,no,MIX,0,0,0,0
nussbaumer christof,switzerland,41778908967,billy.corgan@gmx.ch,8578,stormgain,no,MIX,0,0,0,0
troxler kevin,switzerland,41764223514,kevin.troxler@yahoo.de,1369,stormgain,no,MIX,0,0,0,0
ruth frischknecht,switzerland,41794811290,ruthfrischknecht55@gmail.com,9726,stormgain,no,MIX,0,0,0,0
veit katrina,switzerland,41792206652,katrina.cochingyan@gmail.com,12915,stormgain,no,MIX,0,0,0,0
zumstein kay,switzerland,41792740997,kay-zumi-97@hotmail.com,14300,stormgain,no,MIX,0,0,0,0
zwahlen christian,switzerland,41767486558,ch.zwahlen@gmx.ch,5873,stormgain,no,MIX,0,0,0,0
tallarico michele,switzerland,41792085577,michele.tallarico@bluewin.ch,6528,stormgain,no,MIX,0,0,0,0
walther brian,switzerland,41787072452,waltherbude08@yahoo.com,9737,stormgain,no,MIX,0,0,0,0
dimitrova poly,switzerland,41763800640,poli933@mail.bg,5612,mycelium,no,MIX,0,0,0,0
zuercher fabrice,switzerland,41797512328,fabricezuercher@yahoo.de,8413,stormgain,no,MIX,0,0,0,0
zenger robert,switzerland,41793212171,robert.zenger@bluewin.ch,10805,stormgain,no,MIX,0,0,0,0
stalder alain,switzerland,41792792820,asstalder@hotmail.com,1752,stormgain,no,MIX,0,0,0,0
von hans,switzerland,41767248040,wurstemberger@vtxmail.ch,13946,edge,no,MIX,0,0,0,0
zehner sascha,switzerland,41763079700,sascha10er@gmx.ch,20431,stormgain,no,MIX,0,0,0,0
von peter,switzerland,41763607639,p.vonrohr@hotmail.com,21661,stormgain,no,MIX,0,0,0,0
turan resat,switzerland,41764712018,resatturan@hotmail.com,15334,stormgain,no,MIX,0,0,0,0
ibrahimi izair,switzerland,41791941082,izo_18_2006@hotmail.com,2591,stormgain,no,MIX,0,0,0,0
volkmann eckhard,switzerland,41786774557,eckhard.volkmann@gmail.com,19694,stormgain,no,MIX,0,0,0,0
thomas schue,switzerland,41763389970,schue1040@web.de,3490,stormgain,no,MIX,0,0,0,0
spoerri spoerri,switzerland,41798794727,mspoerri@hispeed.ch,10794,stormgain,no,MIX,0,0,0,0
mark bernhard,switzerland,41794521371,bernhardmark@hotmail.com,20762,stormgain,no,MIX,0,0,0,0
sigel norah,switzerland,41796913118,norah.sigel@icloud.com,8233,stormgain,no,MIX,0,0,0,0
senin fatima,switzerland,41786441897,senin@bluewin.ch,14894,stormgain,no,MIX,0,0,0,0
tenzinpaldon tashikhang,switzerland,41765356747,tenpaldon778@yahoo.com,14707,edge,no,MIX,0,0,0,0
svato ante,switzerland,41762396472,anterama@hotmail.com,4617,stormgain,no,MIX,0,0,0,0
streit markus,switzerland,41793125793,markus.streit@mstreit.ch,2470,stormgain,no,MIX,0,0,0,0
staehli regina,switzerland,41323772238,innupin@gmail.com,11498,edge,no,MIX,0,0,0,0
siffert sandra,switzerland,41786351607,suli.fun@me.com,7014,stormgain,no,MIX,0,0,0,0
studer remo,switzerland,41793921708,swsult@gml.cm,16371,mycelium,no,MIX,0,0,0,0
semadeni cyrano,switzerland,41798526527,cc.semadeni@bluewin.ch,19965,edge,no,MIX,0,0,0,0
simon jaberg,switzerland,41774648328,simon.jaberg@hotmail.ch,6863,edge,no,MIX,0,0,0,0
schmidli peter,switzerland,41787488442,info@schmidli-weine.ch,15544,stormgain,no,MIX,0,0,0,0
seeli peter,switzerland,41786091515,peter.seli@bluewin.ch,3497,stormgain,no,MIX,0,0,0,0
schnegg maura,switzerland,41765366288,mauraschnegg@hotmail.com,16537,stormgain,no,MIX,0,0,0,0
misic goran,switzerland,41762013030,goran.misic@bluewin.ch,10533,stormgain,no,MIX,0,0,0,0
speich claudio,switzerland,41793522604,claudio.speich@gmail.com,18211,stormgain,no,MIX,0,0,0,0
gomez margoth,switzerland,41763606561,margoth19731997@hotmail.com,16504,stormgain,no,MIX,0,0,0,0
shutler michael,switzerland,41564242831,mike.shutler@bluewin.ch,9481,stormgain,no,MIX,0,0,0,0
sieber andi,switzerland,41792152122,andisbriefe@gmail.com,11348,edge,no,MIX,0,0,0,0
stefan killbud,switzerland,41445869207,alms.stef@gmail.com,20276,mycelium,no,MIX,0,0,0,0
spiess ivo,switzerland,41788380513,xenonpay@gmail.com,16250,stormgain,no,MIX,0,0,0,0
atuhaire vincent,switzerland,41788922313,atuhairevincent@gmail.com,20155,stormgain,no,MIX,0,0,0,0
sieber sauda,switzerland,41792512804,saudaamandla@hotmail.com,7295,stormgain,no,MIX,0,0,0,0
lehmann adrian,switzerland,41796577600,adrian.lehmann@sfxs.ch,2058,edge,no,MIX,0,0,0,0
schlegel marvin,switzerland,41799048573,marvin.schlegel@web.de,12150,stormgain,no,MIX,0,0,0,0
brand yvon,switzerland,41417806390,cosmo007@gmx.ch,940,stormgain,no,MIX,0,0,0,0
schild pascal,switzerland,41768244224,pascal.fa.schild@gmail.com,3768,stormgain,no,MIX,0,0,0,0
schmidhauser gabriela,switzerland,41793666272,gabriela.schmidhauser@bluewin.ch,19569,mycelium,no,MIX,0,0,0,0
sascha amerian,switzerland,41764213113,sascha.lottenbach@sunrise.ch,8630,stormgain,no,MIX,0,0,0,0
bianchini daniel,switzerland,41798414835,danielbianchini13@gmail.com,1929,stormgain,no,MIX,0,0,0,0
salvi renato,switzerland,41793016775,salvi007@icloud.com,10727,stormgain,no,MIX,0,0,0,0
roncin daniel,switzerland,41786481694,d.roncin@gmail.com,5679,stormgain,no,MIX,0,0,0,0
uka rexhep,switzerland,41794152233,rexhepuka@hotmail.com,19473,stormgain,no,MIX,0,0,0,0
salvisberg peter,switzerland,41796088454,salwa@bluewin.ch,5851,stormgain,no,MIX,0,0,0,0
omondi kevin,switzerland,41775073133,kevinomosh@yahoo.com,17694,stormgain,no,MIX,0,0,0,0
schreyer gilbert,switzerland,41792036988,gschreyer@bluewin.ch,12796,stormgain,no,MIX,0,0,0,0
lukas stebler,switzerland,41786596226,steblerlukas@gmail.com,12146,stormgain,no,MIX,0,0,0,0
stettler thomas,switzerland,41794810755,thom.stettler@bluewin.ch,20548,stormgain,no,MIX,0,0,0,0
holderegger saskia,switzerland,41787121184,saskia@dancing-paws.com,16650,stormgain,no,MIX,0,0,0,0
gil kai,switzerland,41562881941,xalid.mahmud@hotmail.com,6515,stormgain,no,MIX,0,0,0,0
brtschi peter,switzerland,41799128852,baertschi65@gmail.com,6637,stormgain,no,MIX,0,0,0,0
burkart claudia,switzerland,41796768500,burcla@bluewin.ch,7938,stormgain,no,MIX,0,0,0,0
v‚chting dominik,switzerland,41219032994,tidom@bluewin.ch,5702,stormgain,no,MIX,0,0,0,0
mathias this,switzerland,41793066488,mathiaseggenberger@msn.com,14604,stormgain,no,MIX,0,0,0,0
ouziad tarek,switzerland,41764056353,tarek_013@hotmail.com,7763,stormgain,no,MIX,0,0,0,0
ganshof philippe,switzerland,41796327300,phil_1134@hotmail.com,8928,stormgain,no,MIX,0,0,0,0
favre francis,switzerland,41266581477,btservices@bluewin.ch,19049,stormgain,no,MIX,0,0,0,0
wieland jakob,switzerland,41794807454,jwieland@bluewin.ch,1947,stormgain,no,MIX,0,0,0,0
djuric marko,switzerland,41786441799,markodjuric@gmx.ch,16039,stormgain,no,MIX,0,0,0,0
mitra bhaskar,switzerland,41799491508,bhaskarm26@gmail.com,19497,stormgain,no,MIX,0,0,0,0
lutz eliane,switzerland,41799572834,eliane.lutz31@gmail.com,7893,stormgain,no,MIX,0,0,0,0
wehrlin giido,switzerland,41613213281,gwehrlin3@cloud.com,3856,stormgain,no,MIX,0,0,0,0
finn harold,switzerland,41414421340,hfinn@yahoo.com,16570,stormgain,no,MIX,0,0,0,0
marot charles,switzerland,41765181383,marotsniper@hotmail.com,12495,stormgain,no,MIX,0,0,0,0
diana cquicquoi,switzerland,41764963551,shivashaya@rocketmail.com,3889,stormgain,no,MIX,0,0,0,0
lehne tino,switzerland,41767285557,tino.lehne@gmail.com,5253,stormgain,no,MIX,0,0,0,0
erol huseyin,switzerland,41793642448,hu.erol@bluewin.ch,10664,stormgain,no,MIX,0,0,0,0
bauer thomas,switzerland,41778797445,cyrus@safe-mail.net,3915,stormgain,no,MIX,0,0,0,0
kregar andreas,switzerland,41786598688,akregar@msn.com,15559,edge,no,MIX,0,0,0,0
zoll alois,switzerland,41417405060,info@druckvonabisz.ch,14382,stormgain,no,MIX,0,0,0,0
pennock david,switzerland,41788492619,swissdave@hotmail.com,12363,stormgain,no,MIX,0,0,0,0
drechsler rene,switzerland,41798133388,renedrechsler@gmx.ch,20532,stormgain,no,MIX,0,0,0,0
qerimi petrit,switzerland,41791339600,pqerimi@gmx.ch,1126,stormgain,no,MIX,0,0,0,0
sandmann thomas,switzerland,41794705243,der.sandmann@gmx.ch,16205,stormgain,no,MIX,0,0,0,0
baeyens josiane,switzerland,41798471726,jbaeyens@bluewin.ch,6754,stormgain,no,MIX,0,0,0,0
gabrynew gabrynew,switzerland,41762285056,gabrynew@hotmail.it,6990,stormgain,no,MIX,0,0,0,0
kopka silvio,switzerland,41326390083,kopka.silvio@gmail.com,13424,stormgain,no,MIX,0,0,0,0
diermayr claus,switzerland,41765181975,claus_diermayr@hotmail.com,2459,stormgain,no,MIX,0,0,0,0
garciaacosta vienapatricia,switzerland,41765184349,viena38@gmail.com,17761,stormgain,no,MIX,0,0,0,0
bayard marc,switzerland,41796164569,bayardm2017-1@gmail.com,939,stormgain,no,MIX,0,0,0,0
bonanno mirko,switzerland,41792444967,mbonanno@infomaniak.ch,5225,stormgain,no,MIX,0,0,0,0
nom prnom,switzerland,41788923118,teopt@live.com,6963,stormgain,no,MIX,0,0,0,0
palacios valentina,switzerland,41767922127,valentinapcofre@gmail.com,936,edge,no,MIX,0,0,0,0
marxer manfred,switzerland,41793440479,manfred.marxer@adon.li,18147,stormgain,no,MIX,0,0,0,0
isakow peter,switzerland,41443024311,dolgorukow39@yahoo.de,11549,stormgain,no,MIX,0,0,0,0
tiziano lucente,switzerland,41763197222,t.lucente@hotmail.com,12904,stormgain,no,MIX,0,0,0,0
fleres michaela,switzerland,41789057484,misicka.s@gmail.com,15189,stormgain,no,MIX,0,0,0,0
furrer dennis,switzerland,41787742371,dennis.furrer@bluewin.ch,11585,stormgain,no,MIX,0,0,0,0
fritschi pierre,switzerland,41798238232,fritschi.p@hotmail.com,562,edge,no,MIX,0,0,0,0
amacker hansjoerg,switzerland,41794068036,hj.amacker@bluewin.ch,2043,stormgain,no,MIX,0,0,0,0
thadchanamoorthy icena,switzerland,41794909231,aiisu.rajah@gmail.com,6596,stormgain,no,MIX,0,0,0,0
wendel sandro,switzerland,41795947487,sandrowendel@rocketmail.com,10538,stormgain,no,MIX,0,0,0,0
aguilera geordanis,switzerland,41789266081,cubahorta@hotmail.com,13752,stormgain,no,MIX,0,0,0,0
herbe mireille,switzerland,41792439615,perline21@hotmail.com,11111,stormgain,no,MIX,0,0,0,0
edwards duke,switzerland,41416651292,duke.09@live.com.au,18594,stormgain,no,MIX,0,0,0,0
eggimann andreas,switzerland,41793815982,a.eggimann@virgo-tiag.ch,15503,stormgain,no,MIX,0,0,0,0
harting josch,switzerland,41796011475,m.einspieler@bluewin.ch,20152,stormgain,no,MIX,0,0,0,0
bieri erwinf,switzerland,41412401512,erwinf.bieri@bluewin.ch,5490,stormgain,no,MIX,0,0,0,0
bã¯hm cornelia,switzerland,41616413568,c.boehm@bluewin.ch,3571,stormgain,no,MIX,0,0,0,0
fankhauser leon,switzerland,41791746569,fankhauserleon58@gmail.com,16694,stormgain,no,MIX,0,0,0,0
gufler horst,switzerland,41786186265,horstgufler@gmail.com,12225,stormgain,no,MIX,0,0,0,0
cerini david,switzerland,41334382624,truckerfreak@hotmail.com,17703,stormgain,no,MIX,0,0,0,0
bektashi hyrie,switzerland,41764281486,hyrijebektashi3@hotmail.com,18864,stormgain,no,MIX,0,0,0,0
falconi franca,switzerland,41799241465,franca.falconi@gmail.com,6839,stormgain,no,MIX,0,0,0,0
sutkowski tomasz,switzerland,41767121106,thomas.schmit73@gmail.com,4588,stormgain,no,MIX,0,0,0,0
tracgsker christa,switzerland,41763395005,goldentrails@gmx.ch,1387,stormgain,no,MIX,0,0,0,0
judita kaeppeli,switzerland,41796703467,markusbenz@hotmail.ch,9232,stormgain,no,MIX,0,0,0,0
fetahu irfan,switzerland,41764489269,fetahuirfan@hotmail.com,8830,stormgain,no,MIX,0,0,0,0
krapf bruno,switzerland,41793386921,bruno.krapf@uzh.ch,20044,stormgain,no,MIX,0,0,0,0
frank pascal,switzerland,41796773225,pascal_frank@hotmail.com,18617,stormgain,no,MIX,0,0,0,0
ltolf christian,switzerland,41787533747,1luetolfch@bluewin.ch,16887,stormgain,no,MIX,0,0,0,0
dolle philippe,switzerland,41792989555,dollepv@bluewin.ch,15854,edge,no,MIX,0,0,0,0
dussez claude,switzerland,41794627678,claudedussez@hotmail.fr,14405,stormgain,no,MIX,0,0,0,0
zollinger roman,switzerland,41799383867,rozollinger@gmx.ch,6689,stormgain,no,MIX,0,0,0,0
kaufmann jonas,switzerland,41793058754,airtwist@bluewin.ch,18241,stormgain,no,MIX,0,0,0,0
loosli sandra,switzerland,41787852091,loosli.sandra@gmx.ch,19282,stormgain,no,MIX,0,0,0,0
iliev orlin,switzerland,41767777207,orlin.iliev1@gmail.com,13478,stormgain,no,MIX,0,0,0,0
alptekin zeki,switzerland,41795237089,nail.alptekin@hispeed.ch,21664,stormgain,no,MIX,0,0,0,0
alaj jetlir,switzerland,41765041991,jeti_a@hotmail.com,19286,stormgain,no,MIX,0,0,0,0
damisch peter,switzerland,41789006868,damisch.peter@gmail.com,12118,edge,no,MIX,0,0,0,0
sorockis vadims,switzerland,41767927289,sorockis@gmail.com,6107,stormgain,no,MIX,0,0,0,0
daniels michael,switzerland,41435343427,adlerfarn@gmail.com,20801,stormgain,no,MIX,0,0,0,0
collaud samuel,switzerland,41792879305,sampognon@gmail.com,7187,stormgain,no,MIX,0,0,0,0
dettling roger,switzerland,41788585783,roger.dettling@hispeed.ch,12585,stormgain,no,MIX,0,0,0,0
hess patrik,switzerland,41797514041,patrikhess@msn.com,15542,stormgain,no,MIX,0,0,0,0
grothe sabrina,switzerland,41797994880,s.grothe@hispeed.ch,12432,stormgain,no,MIX,0,0,0,0
majkic vladimir,switzerland,41764176433,vladimir.majkic@gmx.ch,8333,stormgain,no,MIX,0,0,0,0
elhilali elhilali,switzerland,41787267844,mohaa.el@hotmail.com,6576,stormgain,no,MIX,0,0,0,0
goldfinger auric,switzerland,41419928476,auric.goldfinger@lycos.com,2489,stormgain,no,MIX,0,0,0,0
masrosello josep,switzerland,41787391344,rosellomasjosep@gmail.com,12657,stormgain,no,MIX,0,0,0,0
ruedi hof,switzerland,41628771855,fam_hof@bluewin.ch,9170,stormgain,no,MIX,0,0,0,0
coelho gra∫a,switzerland,41762689911,gracasoeiro@sapo.pt,3753,stormgain,no,MIX,0,0,0,0
yeker deniz,switzerland,41784002671,deniz.yeker@gmail.com,20703,stormgain,no,MIX,0,0,0,0
guenat christian,switzerland,41786278200,christian@guenat.com,7458,stormgain,no,MIX,0,0,0,0
gall tina,switzerland,41774201128,tinagall1997@gmail.com,5117,edge,no,MIX,0,0,0,0
haefeli joy,switzerland,41796920056,joy.haefeli@gmail.com,15835,stormgain,no,MIX,0,0,0,0
cavalera salvatore,switzerland,41788289427,trasporti_cavalera@hotmail.com,4947,stormgain,no,MIX,0,0,0,0
niederer marco,switzerland,41765306018,marconiederer@yahoo.de,8236,stormgain,no,MIX,0,0,0,0
frank david,switzerland,41788286404,d.frank@lancawterac.uk,7400,stormgain,no,MIX,0,0,0,0
"miljic""m!rsel",switz%sland,41712929494,marsel.miljéc@live.com,17175,stormgain,no,MIX,0,0,0,0
balsamo bruno,switzerland,41796867064,hollywood6@bluewin.ch,1355,edge,no,MIX,0,0,0,0
barens john,switzerland,41767921583,myswisslap@gmail.com,8805,stormgain,no,MIX,0,0,0,0
osborne daniel,switzerland,41799574948,daniel1997osborne@hotmail.com,18016,stormgain,no,MIX,0,0,0,0
alessandro alex,switzerland,41786971909,a.zanti@windowslive.com,12531,stormgain,no,MIX,0,0,0,0
bigher swen,switzerland,41763606864,swen_bigger1988@hotmail.com,12260,stormgain,no,MIX,0,0,0,0
violaine manuela,switzerland,41797716852,roger.manou@windowslive.com,10715,edge,no,MIX,0,0,0,0
kanthaiah abiraj,switzerland,41763750729,abirajkanthaiah76@gmail.com,21993,stormgain,no,MIX,0,0,0,0
aegerter michel,switzerland,41313715117,aegimichel@hotmail.com,11277,edge,no,MIX,0,0,0,0
bilgischer carlo,switzerland,41799623920,c.bilgischer4@gmail.com,3370,stormgain,no,MIX,0,0,0,0
bernard stevenstarto,switzerland,41797796457,dida2803@hotmail.com,3597,edge,no,MIX,0,0,0,0
calarco francesco,switzerland,41793328889,franco.calarco@bluewin.ch,17487,stormgain,no,MIX,0,0,0,0
pernia jayson,switzerland,41779491732,jhashon@gmail.com,4584,edge,no,MIX,0,0,0,0
addor johann,switzerland,41791023737,johann@stylique.ch,3443,stormgain,no,MIX,0,0,0,0
calendo luigi,switzerland,41789441788,luigicalendo@gmail.com,16034,stormgain,no,MIX,0,0,0,0
neff rita,switzerland,41794624774,rita.neff67@gmail.com,19169,stormgain,no,MIX,0,0,0,0
bengler philippe,switzerland,41797510532,info@restaubois.ch,18260,stormgain,no,MIX,0,0,0,0
ammann hanspeter,switzerland,41797598156,hpammann@gmx.ch,13918,mycelium,no,MIX,0,0,0,0
copiatti gabriele,switzerland,41767043707,gcopiatti@gmail.com,12462,stormgain,no,MIX,0,0,0,0
blum bruno,switzerland,41417807387,brunoblum@gmx.ch,6359,stormgain,no,MIX,0,0,0,0
sutter raphael,switzerland,41765719430,raphael.sutter@gmx.ch,4152,stormgain,no,MIX,0,0,0,0
simon favre,switzerland,41788722092,laxisfox@hotmail.com,5740,stormgain,no,MIX,0,0,0,0
braun gauthier,switzerland,41227316400,gauthier.braun@gmail.com,3467,stormgain,no,MIX,0,0,0,0
caner sahin,switzerland,41795323833,cesahin92@gmail.com,8979,stormgain,no,MIX,0,0,0,0
llumnica merita,switzerland,41792629197,meri__ll@hotmail.com,17691,stormgain,no,MIX,0,0,0,0
brunner bea,switzerland,41787530094,bea.brunner@hispeed.ch,7798,stormgain,no,MIX,0,0,0,0
sinani diti,switzerland,41791751013,diitii__@live.de,6666,stormgain,no,MIX,0,0,0,0
bytyqi naim,switzerland,41791359088,naja_com@hotmail.com,19448,stormgain,no,MIX,0,0,0,0
ferreira kevin,switzerland,41768247865,kevin_ferreira756@hotmail.com,6065,mycelium,no,MIX,0,0,0,0
eberhard samuel,switzerland,41793439240,seberhard818@gmail.com,20553,stormgain,no,MIX,0,0,0,0
besijan seferi,switzerland,41791968636,besijanseferi@hotmail.com,4798,stormgain,no,MIX,0,0,0,0
jonathan bigbear,switzerland,41796824776,chaveiro.jonathan@gmail.com,18669,stormgain,no,MIX,0,0,0,0
imhof andrea,switzerland,41799444624,andrea.imhof1997@gmail.com,12261,stormgain,no,MIX,0,0,0,0
jeremias keller,switzerland,41786291289,kellerjeri7@gmail.com,7014,stormgain,no,MIX,0,0,0,0
imhof jessica,switzerland,41794264786,j.imhof@hotmail.ch,4142,edge,no,MIX,0,0,0,0
kamales makenthiram,switzerland,41779501837,vijith3411@gmail.com,2089,stormgain,no,MIX,0,0,0,0
imwinkelried larissa,switzerland,41788481571,larissa_biffiger@hotmail.ch,9419,stormgain,no,MIX,0,0,0,0
carlo yoman,switzerland,41794063687,kingkahl@bluewin.ch,19667,stormgain,no,MIX,0,0,0,0
crisp martin,switzerland,41794386181,crispm@bluewin.ch,6845,stormgain,no,MIX,0,0,0,0
son felat,switzerland,41765874886,feli.son@hotmail.com,1228,stormgain,no,MIX,0,0,0,0
kolly yves,switzerland,41796107134,y.kolly95@yahoo.com,1186,stormgain,no,MIX,0,0,0,0
hâã²mmerli peter,switzerland,41794126401,haemmerlip@gmail.com,954,stormgain,no,MIX,0,0,0,0
gautschi anita,switzerland,41786774003,gautschita@gmail.com,4549,stormgain,no,MIX,0,0,0,0
imhof karin,switzerland,41788292009,kariin94@hotmail.com,8885,stormgain,no,MIX,0,0,0,0
kummer tamara,switzerland,41788072019,sosdeutschedoggen@gmail.com,6848,stormgain,no,MIX,0,0,0,0
jovanovic daliborka,switzerland,41767589391,daliborka82@icloud.com,6394,stormgain,no,MIX,0,0,0,0
hartmann kai,switzerland,41793865545,kai_hartmann@hispeed.ch,3567,edge,no,MIX,0,0,0,0
kloeti andre,switzerland,41767607870,andre.kloeti@gmx.ch,20566,edge,no,MIX,0,0,0,0
gwerder sebastian,switzerland,41796606723,seebi93@hotmail.com,2562,stormgain,no,MIX,0,0,0,0
hugo aregger,switzerland,41786977703,lasa77@gmx.ch,8688,stormgain,no,MIX,0,0,0,0
heinrich kuhn,switzerland,41792855009,heiri.kuhn@bluewin.ch,11795,stormgain,no,MIX,0,0,0,0
niederheitmann khaell,switzerland,41795980349,khaell_niederheitmann@hotmail.com,12208,stormgain,no,MIX,0,0,0,0
balic andrea,switzerland,41799444660,balic_andrea@yahoo.de,13150,edge,no,MIX,0,0,0,0
licht joseli,switzerland,41774632535,joseli@licht.com,9596,stormgain,no,MIX,0,0,0,0
pedrazzi reto,switzerland,41625112275,blogger@ideaspace.ch,4830,stormgain,no,MIX,0,0,0,0
maria eva,switzerland,41792387797,wanda.julie@gmail.com,7092,stormgain,no,MIX,0,0,0,0
ramsauer karl,switzerland,41788481046,carlos_ramsauer@mail.com,11768,stormgain,no,MIX,0,0,0,0
spitz roger,switzerland,41784053294,rogerspitz08@gmail.com,21041,stormgain,no,MIX,0,0,0,0
mnira kevin,switzerland,41772432471,kevincure74@gmail.com,19813,stormgain,no,MIX,0,0,0,0
jens kaml,switzerland,41787678284,jenskaml@yahoo.de,10674,stormgain,no,MIX,0,0,0,0
marin luca,switzerland,41911233215,marinluca@gmail.com,15676,stormgain,no,MIX,0,0,0,0
haefeli walter,switzerland,41792298858,walter_haefeli@bluewin.ch,531,stormgain,no,MIX,0,0,0,0
jaquier laurence,switzerland,41763068857,lori67@gmx.ch,2980,stormgain,no,MIX,0,0,0,0
hristov alexander,switzerland,41774188813,alhristov69@gmail.com,4974,edge,no,MIX,0,0,0,0
odermatt robert,switzerland,41774030277,wake.up@sunrise.ch,6719,stormgain,no,MIX,0,0,0,0
personini thierry,switzerland,41796607841,thierry@softtiming.ch,20890,stormgain,no,MIX,0,0,0,0
kim kuhn,switzerland,41794033879,kimkuhn@outlook.com,3758,stormgain,no,MIX,0,0,0,0
hunn mischa,switzerland,41791221792,mischahunn@hotmail.com,14072,stormgain,no,MIX,0,0,0,0
sayedharoon sadat,switzerland,41779878190,s.saidharoon@yahoo.com,19811,stormgain,no,MIX,0,0,0,0
jose realmadrid,switzerland,41227941307,rodricazzo@hotmail.com,12148,stormgain,no,MIX,0,0,0,0
catillaz gr‚goire,switzerland,41797228577,1992greg@gmail.com,11022,edge,no,MIX,0,0,0,0
matteo luca,switzerland,41797086939,lucamatteo94@gmail.com,13518,stormgain,no,MIX,0,0,0,0
milos krstic,switzerland,41786972363,milos_krstic@gmx.ch,3672,stormgain,no,MIX,0,0,0,0
jlona ming,switzerland,41791578724,jlona.p@pintadu.ch,6184,stormgain,no,MIX,0,0,0,0
gina gillieron,switzerland,41793571418,gigijc@bluewin.ch,19431,edge,no,MIX,0,0,0,0
maier willy,switzerland,41794294577,willy.maier@bluewin.ch,6435,stormgain,no,MIX,0,0,0,0
russo domenico,switzerland,41788223575,russo@casaline.ch,17938,stormgain,no,MIX,0,0,0,0
muller stephane,switzerland,41793324607,muller.stephane@bluewin.ch,21657,stormgain,no,MIX,0,0,0,0
haberstich melanie,switzerland,41767243558,haberstichmelanie@gmail.com,19328,stormgain,no,MIX,0,0,0,0
liechti joã®l,switzerland,41795498347,joeliechti@gmail.com,15320,stormgain,no,MIX,0,0,0,0
troendle guillaume,switzerland,41774428227,guillaumetroendle@gmail.com,5594,stormgain,no,MIX,0,0,0,0
kulagins dmitrijs,switzerland,41764962777,kulagins@hotmail.de,14711,edge,no,MIX,0,0,0,0
pellegrini ettore,switzerland,41766337383,idl.ticino@bluewin.ch,21120,stormgain,no,MIX,0,0,0,0
fischet manuel,switzerland,41798674061,moosgass4.mf@gmail.com,2715,stormgain,no,MIX,0,0,0,0
klozik jaroslav,switzerland,41791263348,motocrossmania@seznam.cz,6908,stormgain,no,MIX,0,0,0,0
meshi patrik,switzerland,41763843537,parik.meshi@hotmail.de,8265,stormgain,no,MIX,0,0,0,0
kaspar werner,switzerland,41764369473,mail@kaspar.de,9206,stormgain,no,MIX,0,0,0,0
kuster elsa,switzerland,41796994490,kusterelsa88@gmail.com,5342,edge,no,MIX,0,0,0,0
lopez nicole,switzerland,41796616733,nicole_lopez@hotmail.ch,507,stormgain,no,MIX,0,0,0,0
gassmann jrg,switzerland,41762676513,jurggassmann@gmail.com,21553,stormgain,no,MIX,0,0,0,0
cã·dric cedric,switzerland,41786445630,cedric.hennemann@ymail.com,11617,stormgain,no,MIX,0,0,0,0
bachofner joe,switzerland,41795112010,joebachofner@gmail.com,13109,stormgain,no,MIX,0,0,0,0
van hans,switzerland,41766501668,hanssvan@gmail.com,17040,edge,no,MIX,0,0,0,0
lucia luciagames,switzerland,41774204675,lucia.buitron13@gmail.com,20028,stormgain,no,MIX,0,0,0,0
rosenheim ruth,switzerland,41798128364,rosen@gmx.ch,7866,edge,no,MIX,0,0,0,0
lotfi hannachi,switzerland,41784050463,lotfi-hannachi@hotmail.ch,21008,stormgain,no,MIX,0,0,0,0
rodin rozarijo,switzerland,41766894349,rozarijorodin@gmail.com,19255,edge,no,MIX,0,0,0,0
bracher paul,switzerland,41786493565,paul.bracher@hispeed.ch,619,stormgain,no,MIX,0,0,0,0
jufer monika,switzerland,41786045410,monikajufer@gmx.ch,10839,edge,no,MIX,0,0,0,0
marin themis,switzerland,41779885711,themis264@gmail.com,7313,stormgain,no,MIX,0,0,0,0
rado mico,switzerland,41765966438,miccaa24@gmail.com,5896,stormgain,no,MIX,0,0,0,0
birbaumer pascal,switzerland,41415340057,p.birbaumer@gmx.ch,19391,stormgain,no,MIX,0,0,0,0
scheurer claudia,switzerland,41789440915,claudia_scheurer@hispeed.ch,5338,stormgain,no,MIX,0,0,0,0
fhaiel abdelmajid,switzerland,41789444520,afhaiel@yahoo.fr,6165,mycelium,no,MIX,0,0,0,0
maria eva,switzerland,41313517474,evamoos@gmx.ch,2157,stormgain,no,MIX,0,0,0,0
atilla balint,switzerland,41787835431,balintatilla1985@gmail.com,1183,stormgain,no,MIX,0,0,0,0
schã²r sandra,switzerland,41799182471,indico7115@gmail.com,21443,stormgain,no,MIX,0,0,0,0
massud sameti,switzerland,41223612652,massud.sameti@gmail.com,18332,stormgain,no,MIX,0,0,0,0
minichiello daniele,switzerland,41789603505,daniele.minichiello85@gmail.com,19952,stormgain,no,MIX,0,0,0,0
bohne ren,switzerland,41788703373,renerossens@gmail.com,4922,stormgain,no,MIX,0,0,0,0
marty christina,switzerland,41795853404,green_shadow@hotmail.com,8867,stormgain,no,MIX,0,0,0,0
mitrovic andrijana,switzerland,41763076160,andrijana_mitrovic@hotmail.com,10341,stormgain,no,MIX,0,0,0,0
monteiro gerson,switzerland,41762931770,mizginbati1@hotmail.com,3124,stormgain,no,MIX,0,0,0,0
matic nedeljko,switzerland,41774633351,nedeljko.matic@hotmail.com,19172,stormgain,no,MIX,0,0,0,0
wolf renata,switzerland,41788855026,renata.eyholzer@gmail.com,9586,mycelium,no,MIX,0,0,0,0
kernbach patrick,switzerland,41764064332,patrick_kernbach@web.de,20981,stormgain,no,MIX,0,0,0,0
mattar ahmed,switzerland,41522426077,mattar@gmx.ch,11601,stormgain,no,MIX,0,0,0,0
dantas idalia,switzerland,41786004157,idalia27.10.77@hotmail.com,20867,stormgain,no,MIX,0,0,0,0
morgenthaler philipp,switzerland,41798309177,philip.morgenthaler@outlook.com,5009,stormgain,no,MIX,0,0,0,0
khan rehman,switzerland,41765644851,rehmi1998@gmail.com,7534,stormgain,no,MIX,0,0,0,0
mendolia giuseppe,switzerland,41784063915,giuseppe84mendolia@gmail.com,4372,edge,no,MIX,0,0,0,0
briand olivier,switzerland,41787380153,mbriand700@hotmail.com,2832,stormgain,no,MIX,0,0,0,0
zaugg alain,switzerland,41763923679,alain.zaugg91-1@gmail.com,5179,stormgain,no,MIX,0,0,0,0
peterson willard,switzerland,41586803434,planetwillard@protonmail.com,20850,stormgain,no,MIX,0,0,0,0
muntener michael,switzerland,41792292325,muentener.michael@gmx.ch,6789,stormgain,no,MIX,0,0,0,0
malcolm prisca,switzerland,41765695156,prisca.malcolm@gmx.ch,7302,stormgain,no,MIX,0,0,0,0
murgidq francois,switzerland,41765634117,innocolor.fm@gmail.com,5982,stormgain,no,MIX,0,0,0,0
mutlu leyla,switzerland,41766478370,erensema2712@gmail.com,19860,stormgain,no,MIX,0,0,0,0
nason diana,switzerland,41774492117,rotekinmelarossa@gmail.com,6429,stormgain,no,MIX,0,0,0,0
inji bonnot,switzerland,41797036297,b.inji@icloud.com,3251,stormgain,no,MIX,0,0,0,0
mullar ajith,switzerland,41779279585,jeya2611@gmail.com,6140,stormgain,no,MIX,0,0,0,0
ostojic zoran,switzerland,41788810375,zocker56@gmail.com,18078,stormgain,no,MIX,0,0,0,0
nguyen kim,switzerland,41794551543,nguyen.kt5619@gmail.com,18934,edge,no,MIX,0,0,0,0
caggiula antonio,switzerland,41794184256,caggiula.toni@gmail.com,15800,edge,no,MIX,0,0,0,0
foinke susan,switzerland,41344024514,suge@gmx.ch,15759,stormgain,no,MIX,0,0,0,0
madeux debbie,switzerland,41417880777,dmadeux@gmail.com,6978,stormgain,no,MIX,0,0,0,0
naegelin lillyan,switzerland,41764136213,lilly.simba@sunrise.ch,6751,stormgain,no,MIX,0,0,0,0
st‚ssi andreas,switzerland,41792040348,tank@stuessi-bbq.ch,21270,stormgain,no,MIX,0,0,0,0
godino manuel,switzerland,41766495167,manuel.godino@citycable.ch,6440,edge,no,MIX,0,0,0,0
pandurevic marko,switzerland,41798894654,marko.pandurevic@hotmail.ch,15994,stormgain,no,MIX,0,0,0,0
dietschi jonas,switzerland,41797188808,jdietschi@hotmail.com,18464,stormgain,no,MIX,0,0,0,0
fischli hansjuerg,switzerland,41797882889,hj.fischli@sunrise.ch,1137,stormgain,no,MIX,0,0,0,0
